Pollster,Pollster Rating ID,# of Polls,NCPP / AAPOR / Roper,Live Caller With Cellphones,Methodology,Banned by 538,Predictive    Plus-Minus,538 Grade,Mean-Reverted Bias,Races Called Correctly,Misses Outside MOE,Simple Average Error,Simple Expected Error,Simple Plus-Minus,Advanced Plus-Minus,Mean-Reverted Advanced Plus Minus,# of Polls for Bias Analysis,Bias,House Effect,Average Distance from Polling Average (ADPA),Herding Penalty,latest_poll
Monmouth University,215,108,yes,yes,Live,no,-1.6,A+,D +1.3,81%,21%,5.4,6.7,-1.2,-2,-1.6,71,D +1.8,R +0.4,5.2,0.2,3/13/20
Selzer & Co.,304,48,yes,yes,Live,no,-1.3,A+,D +0.1,79%,25%,4.6,6.1,-1.3,-1.8,-1.1,31,D +0.2,D +0.2,5.2,0,11/1/18
ABC News/The Washington Post,3,73,yes,yes,Live,no,-1.3,A+,D +0.5,72%,7%,2.8,4.8,-1.7,-1.7,-1.2,68,D +0.8,D +1.3,3.8,0.12,10/31/18
Siena College/The New York Times Upshot,448,59,yes,yes,Live,no,-1.1,A+,R +0.3,69%,10%,3.9,5.7,-1.6,-1.5,-1.1,58,R +0.4,D +0.4,4.4,0.19,1/22/20
Field Research Corp. (Field Poll),94,25,yes,yes,Live,no,-1.1,A/B,R +0.7,100%,16%,3.9,5.6,-1.5,-2,-0.7,18,R +2.5,D +0.6,4.7,0.01,5/29/16
Marquette University Law School,195,12,yes,yes,Live,no,-1,A/B,D +0.2,79%,8%,2.8,5.9,-2.9,-2.8,-0.9,8,D +1.0,R +0.3,4.9,0,3/27/20
Muhlenberg College,219,29,yes,yes,Live,no,-1,A+,R +0.2,84%,7%,3.4,6,-2.4,-2.3,-1.1,28,R +0.3,D +0.2,3.9,0.97,10/30/18
Marist College,183,183,yes,yes,Live,no,-1,A+,R +0.3,84%,25%,5.4,6.5,-0.8,-1,-0.9,113,R +0.4,R +0.2,5.2,0,3/13/20
Data Orbital,73,9,yes,yes,Live,no,-0.9,A/B,D +0.3,94%,0%,2.3,5.3,-2.8,-2.4,-0.7,9,D +1.2,R +1.1,3.7,0.65,10/17/18
National Journal,224,12,yes,yes,Live,no,-0.8,A/B,R +0.1,100%,0%,2.6,6.1,-3.4,-3.2,-0.7,12,R +0.6,D +0.3,3.5,0.89,10/25/08
Stockton University,317,10,yes,yes,Live,no,-0.8,A/B,D +0.7,100%,20%,4,5.3,-1.1,-1.4,-0.4,10,D +2.3,D +0.7,6.1,0,10/28/18
SurveyUSA,325,787,yes,partial,IVR/Online/Live,no,-0.8,A,D +0.1,89%,20%,4.7,5.9,-1,-1.1,-1,627,D +0.1,R +0.4,5,0.12,3/5/20
Ciruli Associates,51,16,yes,yes,Live,no,-0.8,A/B,R +0.4,94%,0%,3.5,5.9,-2.3,-2.5,-0.5,16,R +2.1,R +2.7,5.3,0.59,10/25/06
MassINC Polling Group,198,18,yes,partial,Online/Live,no,-0.7,A/B,R +0.7,83%,22%,4.9,6.7,-1.7,-1.6,-0.7,12,R +2.4,R +1.4,6.4,0,2/25/20
Fairleigh Dickinson University (PublicMind),92,19,yes,yes,Live,no,-0.7,A/B,D +0.0,95%,5%,3.9,5.4,-1.3,-1.4,-0.4,18,D +0.1,D +2.8,4.5,0.3,10/16/14
CBS News/The New York Times,36,62,yes,yes,Live,no,-0.7,A,D +0.4,76%,23%,4.3,5.5,-1,-1,-0.6,51,D +0.7,D +1.5,4.1,0.23,10/16/18
Grove Insight,129,29,no,yes,Live,no,-0.7,A/B,D +0.5,90%,7%,3,5.8,-2.6,-3,-1.4,29,D +1.1,D +3.4,3.8,0.67,11/2/12
Behavior Research Center (Rocky Mountain Poll),27,8,yes,yes,Live,no,-0.7,A/B,D +0.1,75%,0%,3.1,6.4,-3.1,-2.7,-0.3,6,D +1.0,R +1.4,8.1,0,10/22/08
Western New England University,380,10,yes,yes,Live,no,-0.6,A/B,R +0.3,100%,10%,4.3,6.4,-1.9,-2.5,-0.7,9,R +1.1,D +2.2,2.6,1.46,10/19/18
Suffolk University,323,88,yes,yes,Live,no,-0.6,A,D +0.6,79%,24%,5.1,6.7,-1.4,-0.6,-0.5,52,D +1.0,D +1.8,5.7,0,2/28/20
IBD/TIPP,144,27,yes,partial,Online/Live,no,-0.6,A/B,R +0.8,78%,4%,2.2,4.1,-1.6,-1.6,-0.7,27,R +1.9,R +1.6,3.4,0.25,10/30/18
Los Angeles Times,172,36,yes,yes,Live,no,-0.6,A/B,R +0.1,85%,22%,4.6,6.4,-1.6,-0.8,-0.3,23,R +0.3,D +0.8,5.1,0.15,10/26/08
Michigan State University,463,2,yes,yes,Live,no,-0.6,A/B,R +0.0,100%,0%,1,9.6,-8.4,-7.7,-0.7,2,R +0.5,R +1.5,,0,10/18/18
University of Connecticut,347,7,yes,yes,Live,no,-0.6,A/B,R +0.3,93%,14%,4,5.4,-1.2,-1.4,-0.2,7,R +2.3,R +2.0,8,0,10/20/08
University of Cincinnati (Ohio Poll),346,39,yes,yes,Live,no,-0.6,A/B,R +1.3,94%,21%,3.9,5.7,-1.7,-0.9,-0.4,30,R +3.2,R +2.4,3.4,0.46,11/2/12
Temple University,336,6,yes,yes*,Live*,no,-0.6,A/B,R +0.2,100%,17%,3.7,5.2,-1.3,-1.4,-0.2,5,R +2.5,D +0.7,3.7,0.08,10/23/08
Fox News/Beacon Research/Shaw & Co. Research,103,40,yes,yes,Live,no,-0.5,A-,D +1.4,71%,38%,5.6,5.8,0,-0.5,-0.3,25,D +2.7,D +1.0,4.8,0,10/29/18
Castleton University,45,3,yes,yes,Live,no,-0.5,A/B,,100%,33%,9.9,9.5,0.6,-1,-0.1,0,,,,0,2/10/16
KRC/Communications Research,160,22,yes,yes*,Live*,no,-0.5,A/B,D +0.1,91%,41%,7.1,7.4,-0.1,-0.5,-0.1,11,D +0.7,D +2.5,6.5,0,1/26/04
Wirthlin Worldwide,387,4,yes,yes*,Live*,no,-0.5,A/B,R +0.2,75%,25%,4.5,6.1,-1.3,-1.6,-0.1,4,R +3.9,R +5.6,5.3,0.14,10/22/00
Indiana University,149,2,yes,yes,Live,no,-0.5,A/B,D +0.0,100%,0%,0.9,6.1,-5,-4.7,-0.1,2,D +0.9,D +4.1,,0,10/18/04
Siena College,305,53,yes,partial,Online/Live,no,-0.5,A-,R +0.7,90%,23%,4.9,5.4,-0.2,-0.9,-0.6,49,R +1.1,R +1.1,4.7,0.2,10/30/18
Louis Harris & Associates,173,2,yes,yes*,Live*,no,-0.5,A/B,D +0.0,100%,0%,0.9,5,-3.9,-5.2,-0.1,2,D +0.9,D +5.4,5.5,0,10/31/98
Market Strategies International,189,1,yes,yes*,Live*,no,-0.5,A/B,R +0.0,100%,0%,1.1,6.3,-5,-5.4,-0.1,1,R +1.1,R +4.6,3.6,1.27,10/28/02
NBC News/The Wall Street Journal,221,31,yes,yes,Live,no,-0.4,A-,D +0.6,73%,10%,4,5.2,-1,-0.7,-0.3,26,D +1.2,D +0.7,3.1,0.5,11/2/18
University of Florida,349,1,yes,yes,Live,no,-0.4,A/B,D +0.0,50%,0%,1.1,4.5,-3.3,-1,0,1,D +1.1,R +0.1,1.4,1.2,10/26/14
Gordon S. Black Corp.,123,2,yes,yes*,Live*,no,-0.4,A/B,R +0.1,100%,50%,6.4,4.4,2.1,0.5,0,2,R +6.4,R +1.3,6,0,10/18/98
Fox News/Opinion Dynamics Corp.,104,34,yes,yes*,Live*,no,-0.4,A/B,R +0.3,72%,12%,3.9,5.1,-1.1,-0.3,-0.1,28,R +0.9,R +1.6,4.1,0.15,10/27/10
Yankelovich Partners Inc.,390,7,yes,yes*,Live*,no,-0.4,A/B,R +0.0,50%,43%,8.1,7.1,1.2,0.2,0,3,R +1.0,R +1.8,4.3,0.23,10/26/00
Emerson College,88,165,yes,no,IVR/Online/Text,no,-0.4,A-,D +0.3,80%,24%,5.4,6.2,-0.6,-0.7,-0.6,123,D +0.4,R +1.3,5.2,0.05,3/12/20
Harvard University,135,1,yes,yes*,Live*,no,-0.4,A/B,D +0.1,0%,0%,6.8,6.2,0.8,0.7,0,1,D +6.8,D +1.5,2,2.69,10/26/02
Public Policy Institute of California,262,16,yes,yes,Live,no,-0.3,A/B,R +1.0,100%,25%,5.2,5.5,-0.1,0,0,10,R +4.4,R +1.1,,0,2/12/20
University of Illinois at Chicago,352,1,yes,yes*,Live*,no,-0.3,A/B,R +0.2,100%,100%,14.1,5.3,8.9,7.2,0.1,1,R +14.1,R +5.1,,0,10/16/98
Abt Associates,7,10,yes,yes,Live,no,-0.3,A/B,D +0.8,90%,20%,3.8,5.1,-1.1,-0.3,-0.1,9,D +3.3,D +0.3,4,0.4,6/7/17
Winthrop University,386,2,yes,yes,Live,no,-0.3,A/B,D +0.0,100%,50%,12,6.4,5.8,0.6,0.1,1,D +0.2,R +1.2,3.6,0.27,2/14/20
RKM Research and Communications Inc.,272,34,no,yes,Live,no,-0.3,A-,R +0.1,87%,24%,5.3,6.9,-1.4,-1.2,-0.6,20,R +0.5,R +1.5,4.5,0.05,2/7/20
Georgetown University (Battleground),114,35,yes,yes,Live,no,-0.3,A/B,R +0.6,57%,11%,3.4,4.6,-1,-0.3,-0.1,35,R +1.4,R +1.6,3.3,0.43,11/5/12
Princeton Survey Research Associates International,258,35,yes,yes,Live,no,-0.3,A/B,D +0.5,63%,31%,5.1,5.1,0.2,0.1,0.1,33,D +1.2,D +0.2,4.7,0,10/25/14
Market Shares Corp.,187,25,yes,yes,Live,no,-0.3,A/B,R +1.1,84%,28%,5.8,5.5,0.5,-0.1,0,22,R +4.1,R +1.9,4.6,0.36,10/22/12
Mason-Dixon Polling & Strategy,197,433,no,yes,Live,no,-0.3,B+,R +0.6,87%,23%,5.1,5.7,-0.4,-0.6,-0.6,376,R +0.7,R +1.2,5.1,0.09,11/6/19
CNN/Opinion Research Corp.,37,103,yes,yes,Live,no,-0.2,B+,D +0.0,72%,25%,5.5,6.2,-0.4,-0.2,-0.2,71,D +0.0,D +0.1,5,0.09,10/30/16
Research & Polling Inc.,280,32,no,yes,Live,no,-0.2,B+,R +0.9,84%,9%,4.5,6,-1.2,-1.5,-0.7,31,R +1.8,R +0.5,3.2,0.56,10/29/18
Quinnipiac University,267,207,yes,yes,Live,no,-0.2,B+,D +0.2,83%,23%,4.6,5.6,-0.8,-0.2,-0.1,153,D +0.2,D +0.4,5.2,0,11/1/18
EPIC-MRA,84,49,no,yes,Live,no,-0.2,B+,R +0.2,78%,24%,5.5,6.1,-0.4,-0.8,-0.5,42,R +0.4,D +0.6,5.3,0.13,3/5/20
Elway Research,87,21,no,partial,Live/Text,no,-0.2,A/B,D +0.8,90%,5%,3.9,6.3,-2.2,-2.6,-1,20,D +2.1,D +3.7,4.2,0.37,10/21/16
St. Norbert College,313,12,no,yes,Live,no,-0.2,A/B,D +0.2,88%,0%,3.9,6.7,-2.7,-2.4,-0.6,11,D +0.9,D +3.0,5.3,0.22,10/20/14
University of North Florida,360,9,yes,partial,Online/Live,no,-0.1,A/B,D +0.7,44%,33%,4,5.9,-1.7,-0.4,-0.1,6,D +3.9,D +1.4,4,0.04,3/8/20
Elon University,86,8,yes,partial,Online/Live,no,-0.1,A/B,D +0.5,56%,13%,3.2,4.6,-1.3,-1,-0.2,8,D +2.1,D +0.8,3.6,0.57,10/25/16
National Research Inc.,225,10,no,yes,Live,no,-0.1,A/B,R +0.5,75%,20%,5.1,6.8,-1.5,-1.7,-0.4,7,R +3.3,R +5.5,5.9,0,3/5/16
Blum & Weprin Associates,32,19,no,yes,Live,no,-0.1,A/B,R +0.7,95%,21%,4.8,5.2,-0.2,-2.1,-0.5,17,R +3.4,D +0.9,4.6,0.04,10/25/10
Public Religion Research Institute,428,1,yes,partial,Online/Live,no,-0.1,A/B,D +0.0,100%,0%,0.4,5.1,-4.4,-2.9,-0.1,1,D +0.4,D +1.7,2,1.23,10/19/18
Middle Tennessee State University,208,5,yes,yes,Live,no,-0.1,A/B,D +0.6,100%,60%,9.3,6,3.5,2.1,0.3,4,D +4.6,R +5.0,4.5,0.21,10/24/14
Fleming & Associates,96,17,no,yes,Live,no,-0.1,A/B,R +0.4,100%,12%,5,6.3,-1.1,-1.7,-0.6,15,R +1.4,R +0.2,3.7,0.63,10/22/18
University of Massachusetts Lowell,355,19,yes,no,Online,no,-0.1,A/B,R +0.2,74%,37%,7.2,6.9,0.5,-0.6,-0.3,9,R +0.8,R +0.6,5.5,0,2/16/20
Cygnal,67,13,no,partial,IVR/Online/Live/Text,no,-0.1,A/B,D +1.0,92%,0%,3,5.6,-2.4,-3,-1.1,13,D +2.6,R +1.0,3.5,0.76,11/8/19
Angus Reid Global,13,30,no,no,Online,no,0,B+,R +1.2,93%,7%,3.2,5.6,-2.1,-2.6,-1.2,30,R +2.6,D +0.8,3.1,0.85,11/3/16
Public Opinion Strategies,260,64,yes,partial,Online/Live,no,0,B+,R +1.5,70%,22%,5.7,6.1,-0.2,-0.4,-0.2,62,R +2.4,R +4.1,4.3,0.33,10/16/18
Strategic Vision LLC,320,133,no,yes*,Live*,yes,0,F,R +1.5,89%,18%,3.8,5.1,-1.1,-0.4,-0.3,110,R +2.2,R +2.1,4.4,0.12,11/1/08
"North Star Opinion Research/Ayres, McHenry & Associates",233,8,no,yes,Live,no,0,A/B,R +0.6,94%,25%,5.5,6.7,-1,-3.5,-0.7,6,R +3.5,R +6.1,4.4,0.37,10/23/16
American Viewpoint,10,8,no,yes,Live,no,0,B/C,R +0.8,69%,0%,4.2,5.7,-1.3,-1.6,-0.3,8,R +3.5,R +3.3,6.3,0,10/17/18
Landmark Communications,166,39,no,partial,IVR/Live,no,0,B,D +1.5,82%,23%,4.8,5.4,-0.5,-0.8,-0.4,33,D +2.8,R +0.5,4.5,0,6/19/17
Ward Research (Honolulu Star-Advertiser),375,15,no,yes,Live,no,0,B/C,R +0.4,80%,33%,5.9,6,0,-1.5,-0.4,15,R +1.4,D +1.8,3.9,0.49,10/15/14
University of Arkansas,345,6,no,yes,Live,no,0,B/C,D +0.7,100%,0%,4.1,5.3,-1,-2.6,-0.5,6,D +4.1,R +3.9,6.9,0,10/22/16
Harstad Strategic Research Inc.,134,10,no,yes,Live,no,0,B/C,D +0.6,75%,10%,3.8,5.9,-1.9,-1.6,-0.3,10,D +2.6,D +3.3,5.1,0,10/21/14
RT Strategies,275,42,yes,yes,Live,no,0.1,B/C,D +1.0,69%,40%,5.9,4.8,1.3,0.9,0.4,42,D +2.2,D +3.4,8.6,0,10/28/06
Harper Polling,132,11,no,partial,IVR/Live,no,0.1,B/C,D +0.1,91%,18%,3.6,6,-2.3,-1.9,-0.6,8,D +0.5,R +1.1,5.3,0,11/3/16
University of South Alabama,361,9,no,yes,Live,no,0.1,B/C,R +0.4,100%,11%,3.3,5.3,-1.8,-2,-0.3,9,R +2.6,R +2.0,7.2,0,10/14/10
Public Policy Polling,263,423,no,no,IVR/Text,no,0.1,B,D +0.3,80%,31%,5,5.5,-0.3,-0.4,-0.4,294,D +0.4,D +0.9,4.7,0,2/25/20
GQR Research (GQRR),126,57,yes,partial,Online/Live,no,0.1,B,D +2.1,56%,14%,4.5,5.3,-0.6,0.1,0,55,D +3.6,D +3.4,4.1,0.13,10/24/18
University of Wisconsin (Badger Poll),365,7,yes,yes*,Live*,no,0.1,B/C,D +0.4,86%,29%,12.2,6,6.4,3.6,0.4,6,D +4.1,D +3.8,4,0.89,10/25/08
Gallup,112,84,yes,yes,Live,no,0.1,B,R +0.4,69%,30%,4.3,5,-0.6,0.6,0.4,69,R +0.7,R +1.4,4.1,0,10/22/18
Rutgers University,295,14,yes,yes,Live,no,0.1,B/C,R +0.0,86%,14%,5.7,5.6,0.3,1.8,0.5,14,R +0.1,D +0.9,6.1,0,10/16/18
Pharos Research Group,254,33,no,yes,Live,yes,0.1,F,D +0.8,92%,15%,3.8,4.9,-1,-0.4,-0.2,33,D +1.6,D +1.1,4.1,0.22,10/27/12
Keating Research,161,5,no,yes,Live,no,0.1,B/C,D +0.1,80%,0%,2.4,5,-2.4,-2.1,-0.3,5,D +0.9,D +2.8,3.7,0.62,11/3/16
American Research Group,9,273,yes,yes,Live,no,0.2,B,R +0.2,75%,39%,7.4,7.4,0.2,0.3,0.2,82,R +0.2,R +1.7,6.9,0,2/9/20
Montana State University Billings,216,7,no,yes,Live,no,0.2,B/C,D +0.3,57%,0%,3.6,6.3,-2.5,-4.1,-0.5,7,D +3.0,D +2.5,,0,10/18/08
Greenberg Quinlan Rosner/American Viewpoint,127,8,no,yes,Live,no,0.2,B/C,R +0.7,100%,50%,4.4,4.9,-0.3,-0.8,-0.2,6,R +4.2,D +1.5,5.4,0,10/26/16
Financial Dynamics,95,15,no,yes*,Live*,no,0.2,B/C,R +0.4,100%,0%,2.6,4.7,-1.9,-1.3,-0.3,15,R +1.7,R +2.2,2.4,0.63,11/1/08
University of Washington,364,9,no,yes,Live,no,0.2,B/C,D +0.1,100%,0%,3.6,5.5,-1.7,-1.6,-0.3,9,D +0.3,D +3.4,4.8,0.74,10/25/12
Market Research Institute Inc.,186,11,no,yes*,Live*,no,0.2,B/C,D +0.1,100%,27%,4.2,5.3,-1,-1.6,-0.2,11,D +0.6,D +0.4,5.1,0.35,10/24/04
Iowa State University,153,3,no,yes,Live,no,0.2,B/C,,67%,33%,6.2,8.9,-2.4,-3.7,-0.4,0,,,,0,1/14/16
McKeon & Associates,202,3,no,yes,Live,no,0.2,B/C,D +0.2,67%,33%,2.9,5.9,-2.9,-4.1,-0.4,2,D +3.0,D +0.5,12.8,0,3/12/16
Christopher Newport University,50,10,no,yes,Live,no,0.2,B/C,D +0.7,100%,30%,5.9,5.1,1,-0.4,-0.1,9,D +2.7,D +2.1,5.4,0,2/14/20
Tarrance Group,333,28,no,yes,Live,no,0.2,B/C,R +0.9,82%,25%,6.2,6.6,-0.2,-0.1,0,24,R +2.4,R +6.0,7.2,0,10/21/18
Victory Research,437,2,no,yes,Live,no,0.2,B/C,D +0.0,100%,0%,2,5.9,-3.7,-4.6,-0.4,1,D +0.3,,,0,3/8/20
SSRS,297,18,yes,yes,Live,no,0.2,B/C,D +1.2,50%,22%,5.6,5.3,0.5,1.3,0.6,16,D +2.9,D +2.7,5.9,0,2/24/20
Orion Strategies,246,4,no,yes,Live,no,0.2,B/C,D +0.1,100%,25%,3.2,6.6,-3.2,-3.9,-0.3,3,D +1.5,D +6.5,2.7,0.35,10/12/10
CJ&N,63,4,no,yes*,Live*,no,0.2,B/C,D +0.1,100%,25%,3.5,7.6,-3.9,-3.3,-0.3,1,D +3.2,,,0,10/26/10
Marshall Marketing & Communications,196,4,no,yes*,Live*,no,0.3,B/C,R +0.2,100%,0%,3.4,6.6,-3.1,-1.9,-0.2,3,R +2.9,R +1.2,,0,10/21/08
YouGov,391,416,no,no,Online,no,0.3,B,D +0.4,88%,30%,4.9,5.2,-0.1,-0.2,-0.2,357,D +0.4,D +0.2,4.6,0,3/7/20
University of Massachusetts Amherst,354,11,no,yes*,Live*,no,0.3,B/C,R +0.2,100%,36%,6.4,8.3,-1.7,-1,-0.1,2,R +6.1,R +0.8,7.7,0,10/27/00
Missouri State University,212,3,no,yes,Live,no,0.3,B/C,D +0.3,67%,0%,4.4,7.5,-2.9,-3.1,-0.2,3,D +4.1,D +1.2,4.1,0.26,10/24/10
Northern Arizona University,234,4,no,yes*,Live*,no,0.3,B/C,R +0.2,100%,25%,3.6,5.6,-1.9,-3.2,-0.2,4,R +3.3,R +5.1,6,0.19,10/23/08
Potomac Incorporated,256,8,no,yes*,Live*,no,0.3,B/C,R +0.3,88%,13%,4.6,6.2,-1.4,-1.4,-0.2,6,R +3.1,D +1.3,4.5,0.35,10/29/06
Louisville Courier-Journal,174,9,no,yes*,Live*,no,0.3,B/C,R +0.2,78%,11%,3.7,5.2,-1.4,-1.2,-0.2,9,R +1.4,R +1.5,5.3,0.34,10/28/07
Ethridge & Associates LLC,89,6,no,yes*,Live*,no,0.3,B/C,R +0.1,83%,0%,2.7,5.6,-2.8,-3,-0.2,6,R +0.7,R +3.6,3.1,1.25,10/29/02
APC Research,4,2,no,yes,Live,no,0.3,B/C,D +0.2,100%,0%,2.5,5.1,-2.3,-3.4,-0.2,2,D +2.5,D +0.3,,0,10/19/14
Dittman Research,79,6,no,yes,Live,no,0.3,B/C,D +0.5,100%,33%,5.4,5.9,-0.3,-0.8,-0.1,5,D +4.6,R +1.0,9.1,0,10/26/10
Franklin & Marshall College,106,21,yes,partial,Online/Live,no,0.3,B/C,D +0.4,86%,29%,6.4,6.5,0.1,0.8,0.3,18,D +1.1,D +2.1,5.7,0.03,10/25/18
SEA Polling & Strategic Design,302,12,no,yes,Live,no,0.3,B/C,D +0.6,83%,0%,3,5.4,-2.2,-0.6,-0.2,10,D +2.2,D +0.2,3.5,0.53,10/19/18
Clemson University,54,7,no,partial,Online/Live,no,0.3,B/C,R +0.2,100%,43%,8.7,7.7,1.2,-3.5,-0.7,1,R +16.7,R +9.7,16,0,2/21/20
Frederick Polls,108,2,no,yes,Live,no,0.3,B/C,R +0.0,75%,0%,2.4,6.5,-3.9,-5.7,-0.3,1,R +0.6,D +4.5,10.5,0,10/17/12
University of New Hampshire,357,112,yes,yes,Live,no,0.3,B-,D +2.8,85%,26%,5.9,6,0.1,0.5,0.4,99,D +3.7,D +3.6,5.6,0.1,2/8/20
Market Decisions,184,4,no,yes,Live,no,0.3,B/C,R +0.1,100%,25%,4.7,5.2,-0.3,-2,-0.1,4,R +1.0,R +0.4,5.5,0.65,10/20/08
Park Street Strategies,534,1,no,yes,Live,no,0.3,B/C,,100%,0%,2.4,7.7,-5.1,-2.8,-0.1,0,,,4.6,0,1/26/20
Wiese Research Associates Inc.,382,7,no,yes,Live,no,0.3,B/C,D +0.9,100%,43%,7.3,6.6,0.9,-0.3,0,7,D +5.4,D +6.1,,0,10/24/12
GBAO,109,6,no,partial,Online/Live,no,0.3,B/C,D +0.0,75%,0%,3.7,6,-2.1,-2,-0.4,6,D +0.0,D +1.9,,0,10/21/18
University of Wisconsin-Milwaukee,366,4,no,yes*,Live*,no,0.3,B/C,R +0.2,100%,25%,4.4,6.1,-1.5,-1.6,-0.1,4,R +3.5,R +1.2,3.9,0,10/21/08
RBI Strategies & Research,271,2,no,yes,Live,no,0.3,B/C,R +0.0,100%,0%,0.7,5.6,-4.8,-6.9,-0.4,1,R +0.7,D +3.5,5.1,0.17,10/25/10
Valley Research,368,6,no,yes*,Live*,no,0.3,B/C,D +0.2,83%,17%,4.3,4.4,0.1,-1.1,-0.1,6,D +2.4,D +1.3,2,0.21,10/24/04
Research Co.,449,21,no,no,Online,no,0.3,B-,R +0.5,88%,14%,4.1,5.9,-1.7,-1.9,-1,20,R +1.1,D +0.8,3.9,1.05,11/2/18
MSR Group,178,3,no,yes*,Live*,no,0.3,B/C,D +0.2,100%,0%,3.5,6.8,-3.1,-3.9,-0.2,3,D +3.5,D +1.3,,0,10/19/04
Richard Day Research Inc.,287,11,no,yes*,Live*,no,0.3,B/C,R +0.4,100%,36%,5.5,5.3,0.4,-0.3,0,11,R +2.9,R +0.7,5.5,0,10/21/06
Lake Research Partners,165,10,no,partial,IVR/Online/Live,no,0.3,B/C,D +0.6,80%,20%,3.9,6.1,-1.9,-2.2,-0.5,10,D +2.4,D +3.4,5.8,0.06,4/15/18
Southern Media & Opinion Research,310,7,no,yes,Live,no,0.3,B/C,R +0.1,100%,14%,5.6,5.3,0.5,-0.2,0,7,R +0.7,R +1.6,,0,11/29/16
Mason Strategies,464,1,no,yes,Live,no,0.3,B/C,D +0.1,100%,0%,1.9,5.7,-3.6,-4.8,-0.2,1,D +1.9,R +4.1,,0,10/18/18
Research 2000,281,280,no,yes*,Live*,yes,0.3,F,D +1.3,88%,21%,5.5,5.8,-0.2,-0.1,-0.1,248,D +1.5,D +1.2,4.6,0.24,1/16/10
Public Opinion Strategies/Hamilton Campaigns (Texas Credit Union League),261,2,no,yes*,Live*,no,0.3,B/C,,100%,50%,6.9,9.4,-2.4,-2.3,-0.1,0,,,,0,2/12/08
Personal Marketing Research,252,3,no,yes*,Live*,no,0.3,B/C,,67%,33%,5.4,8.3,-2.7,-2.6,-0.1,0,,,6.1,0.03,1/6/04
High Point University,139,3,yes,partial,Online/Live,no,0.3,B/C,D +0.0,67%,33%,11.5,6.3,5.4,3.1,0.4,2,D +0.1,D +1.8,6,0,2/25/20
Targeted Persuasion,579,1,no,yes,Live,no,0.4,B/C,,100%,0%,0.9,8.3,-7.2,-6.4,-0.3,0,,,,0,5/24/16
University of Houston,351,1,no,yes,Live,no,0.4,B/C,,100%,0%,2,8.5,-6.3,-6.3,-0.3,0,,,,0,2/17/16
Market Solutions Group,188,4,no,yes*,Live*,no,0.4,B/C,R +0.0,100%,25%,4.4,6.6,-2,-1.4,-0.1,2,R +0.1,D +1.5,4.4,0.45,10/19/04
Moore Information,217,9,no,yes,Live,no,0.4,B/C,R +0.7,67%,11%,6.5,6.5,0.2,-0.2,0,9,R +4.1,R +5.0,5.3,0.22,10/27/14
Merrill Poll,206,2,no,yes,Live,no,0.4,B/C,,100%,50%,8.7,9.1,-0.2,-0.7,-0.1,0,,,,0,3/9/16
Richmond Times-Dispatch,288,4,no,yes,Live,no,0.4,B/C,D +0.2,100%,0%,3.3,4.9,-1.3,-1.3,-0.1,4,D +2.9,D +2.4,5,0.17,10/23/04
Mercyhurst University,422,1,no,yes,Live,no,0.4,B/C,R +0.0,100%,0%,0.7,5.7,-4.8,-5.4,-0.2,1,R +0.7,,,0,10/18/14
Odney,524,1,no,yes,Live,no,0.4,B/C,D +0.1,100%,0%,2.1,6.3,-4.1,-4.8,-0.2,1,D +2.1,R +8.0,8,0,10/22/14
University of Tennessee,362,2,no,yes*,Live*,no,0.4,B/C,R +0.1,100%,0%,2.7,5.1,-2.2,-5.7,-0.2,2,R +2.7,R +5.4,,0,10/14/04
"Fabrizio, Lee & Associates",90,3,no,yes,Live,no,0.4,B/C,D +0.2,33%,33%,5.7,6.1,-0.2,-0.3,0,3,D +2.1,R +4.5,,0,10/17/18
Frank N. Magid Associates Inc.,105,4,no,yes*,Live*,no,0.4,B/C,D +0.3,100%,25%,4.7,5.7,-0.8,-1.7,-0.1,4,D +4.7,R +0.9,4,0.8,10/24/02
Winston Group,385,3,no,yes*,Live*,no,0.4,B/C,D +0.2,67%,33%,4.2,5.3,-0.9,-1.5,-0.1,3,D +3.8,R +2.2,2,0.7,10/23/08
Gotham Research Group,576,1,no,yes,Live,no,0.4,B/C,R +0.2,100%,0%,5.8,6.4,-0.5,-2.8,-0.1,1,R +5.8,D +2.0,6,0.75,10/23/12
Strategic Services,319,2,no,yes*,Live*,no,0.4,B/C,D +0.1,50%,0%,4.2,5.7,-1.3,-1.7,-0.1,2,D +4.2,D +3.4,,0,10/23/06
RMS Research,273,2,no,yes*,Live*,no,0.4,B/C,R +0.1,100%,0%,2.3,5.9,-3.4,-3.7,-0.1,2,R +2.3,R +5.8,4,0.35,10/22/02
Knowledge Networks,164,3,yes,no,Online,no,0.4,B/C,D +0.2,100%,33%,4.2,4.5,-0.1,-0.9,0,3,D +4.0,D +0.6,3.1,0.16,10/22/08
Lincoln Institute,170,2,no,yes*,Live*,no,0.4,B/C,R +0.1,75%,0%,4.1,5.1,-0.8,-2.5,-0.1,2,R +4.1,D +2.7,,0,10/17/00
Midwest Survey and Research,209,3,no,yes*,Live*,no,0.4,B/C,R +0.0,100%,33%,7.3,5.8,1.7,-1,0,3,R +1.1,,,0,10/26/02
QEV Analytics,266,1,no,yes,Live,no,0.4,B/C,,100%,0%,2,6.5,-4.3,-6.3,-0.2,0,,,,0,11/2/09
Baruch College,22,2,no,yes,Live,no,0.4,B/C,,100%,0%,5.7,8.7,-2.9,-0.3,0,0,,,9.2,0,4/8/16
Neighborhood Research and Media,227,2,no,yes,Live,no,0.4,B/C,R +0.1,50%,50%,6.8,7.3,-0.4,-0.2,0,1,R +3.4,R +7.2,8.4,0,1/16/20
Florida International University/Univision,98,1,no,yes,Live,no,0.4,B/C,D +0.0,100%,0%,1.8,6.3,-4.3,-6.1,-0.1,1,D +1.8,R +13.0,,0,10/16/08
GfK Group,115,21,yes,no,Online,no,0.4,B/C,D +0.2,88%,19%,3.9,5,-0.9,0.1,0,21,D +0.6,D +1.3,4.6,0.22,10/22/16
Dan Jones & Associates,70,38,no,partial,Online/Live,no,0.4,B-,D +1.0,95%,21%,6.9,6.3,0.9,-0.2,-0.1,31,D +2.1,R +2.7,9.8,0,10/24/16
Centre College,47,1,no,yes,Live,no,0.4,B/C,D +0.2,100%,0%,3.9,5.4,-1.3,-1.1,0,1,D +3.9,D +2.3,4.8,0.35,10/21/16
Blumenthal Research Daily,447,2,no,yes,Live,yes,0.4,F,R +0.2,100%,0%,2.5,5.3,-2.6,-1.7,-0.1,2,R +1.8,R +3.1,1,1.58,4/14/18
New Mexico State University,230,1,no,yes*,Live*,no,0.4,B/C,,0%,0%,7.1,8.6,-1.3,-1.7,0,0,,,,0,1/27/08
Aspen Media & Market Research,17,1,no,yes*,Live*,no,0.4,B/C,R +0.1,100%,0%,3.5,5.7,-2.1,-2.6,-0.1,1,R +3.5,,,0,10/22/06
Voter/Consumer Research,371,6,no,yes,Live,no,0.4,B/C,R +0.0,100%,50%,5.2,5.7,-0.3,-1.1,-0.1,6,R +0.0,R +3.0,2.5,1.19,10/19/14
Jim Meader (KELOLAND-TV),159,4,no,yes*,Live*,no,0.4,B/C,D +0.3,100%,25%,4.6,5.5,-0.7,-0.4,0,4,D +4.6,D +4.4,,0,10/21/02
Garin-Hart-Yang Research Group,113,24,no,partial,Online/Live,no,0.4,B/C,D +1.3,85%,33%,5.5,5.7,0,-0.5,-0.2,24,D +3.2,D +4.7,4.9,0.09,10/18/16
Manhattanville College,181,3,no,yes*,Live*,no,0.4,B/C,R +0.2,100%,33%,6.5,6.7,0,-0.9,0,2,R +8.2,D +0.2,7.2,0,2/22/00
Canisius College,43,1,no,yes*,Live*,no,0.4,B/C,,100%,0%,0.1,8.6,-8.3,-5.7,-0.1,0,,,,0,2/19/04
Central Surveys Inc.,46,1,no,yes*,Live*,no,0.4,B/C,D +0.0,0%,0%,1.7,5.7,-3.8,-3.5,-0.1,1,D +1.7,D +2.3,,0,10/17/04
Scripps Howard,303,5,no,yes*,Live*,no,0.4,B/C,R +0.1,100%,40%,4.8,4.4,0.6,-0.6,0,5,R +2.2,R +2.7,2.8,0.46,10/18/02
Cooper & Secrest,60,1,no,yes*,Live*,no,0.4,B/C,R +0.0,0%,0%,2.6,5.8,-3,-3.3,0,1,R +2.6,,,0,10/15/02
Red Sea Communications,278,1,no,yes*,Live*,no,0.4,B/C,R +0.1,100%,0%,4.4,7.1,-2.5,-3,0,1,R +4.4,,,0,10/24/02
Thirty-Ninth Street Strategies,460,1,no,yes,Live,no,0.4,B/C,R +0.1,0%,0%,2,6.8,-4.5,-2.8,-0.1,1,R +2.0,R +2.4,3,2.58,10/21/18
Dynamic Marketing Inc.,83,1,no,yes*,Live*,no,0.4,B/C,D +0.0,100%,0%,3,6.2,-3,-4.6,-0.1,1,D +3.0,R +7.5,,0,10/22/00
Vox Populi Communications,529,1,no,yes*,Live*,no,0.4,B/C,,100%,0%,3.5,8.6,-4.9,-3,0,0,,,6,0,2/15/00
Diversified Research Inc,80,1,no,yes*,Live*,no,0.4,B/C,R +0.1,100%,0%,5,7,-1.8,-2.2,0,1,R +5.0,,,0,10/19/00
Global Strategy Group/National Research (Philadelphia Inquirer),119,4,no,yes,Live,no,0.4,B/C,R +0.3,100%,25%,3,5.3,-2.1,-1.7,-0.2,4,R +2.7,D +0.1,2.3,1.93,10/24/12
Lauer Lalley Victoria Inc.,168,1,no,yes*,Live*,no,0.4,B/C,R +0.0,100%,0%,1.7,6.6,-4.7,-4.1,0,1,R +1.7,D +4.0,,0,10/18/98
Overtime Politics,247,12,no,yes,Live,yes,0.4,F,,67%,42%,9.8,8.9,1.1,0.4,0.1,0,,,6.9,0,2/22/16
Becker Institute,26,3,no,yes*,Live*,no,0.4,B/C,D +0.3,67%,67%,6.9,6.4,0.7,-0.2,0,3,D +6.9,D +0.8,11.5,0,10/23/02
Ohio State University,236,1,no,yes*,Live*,no,0.4,B/C,R +0.0,100%,0%,3.7,5.1,-1.3,-1.5,0,1,R +3.7,R +5.8,,0,10/18/00
Opinion Savvy/InsiderAdvantage,243,119,yes,no,IVR/Online,no,0.4,B-,D +1.1,70%,41%,7.2,7.2,0.2,0.3,0.2,42,D +1.8,D +0.3,5.9,0,10/29/18
Morningside College,536,1,no,yes,Live,no,0.4,B/C,,0%,0%,6.4,8.5,-1.9,-1.3,-0.1,0,,,2.3,1.37,1/20/20
Dartmouth College,72,3,no,yes,Live,no,0.4,B/C,,100%,67%,9.3,9,0.5,0,0,0,,,,0,1/26/00
Market Trends Pacific,190,1,no,yes*,Live*,no,0.4,B/C,D +0.1,50%,0%,4.5,5.5,-0.8,-0.6,0,1,D +4.5,D +2.5,,0,10/21/02
Basswood Research,24,2,no,yes,Live,no,0.4,B/C,R +0.2,100%,100%,10.7,7.7,3.2,0.2,0,1,R +13.0,,,0,3/20/16
Wick Communications,381,1,no,yes*,Live*,no,0.4,B/C,D +0.1,100%,0%,2.8,6.3,-3.2,-1.4,0,1,D +2.8,D +4.0,5,1.19,10/27/06
Bendixen & Amandi International,29,2,no,yes,Live,no,0.4,B/C,D +0.1,100%,0%,3,4.8,-1.7,0.3,0,2,D +1.6,D +3.2,,0,10/22/16
NRECA Market Research,223,1,no,yes*,Live*,no,0.4,B/C,D +0.1,100%,0%,6.3,5.5,0.9,-0.6,0,1,D +6.3,,,0,10/20/98
Associated Industries of Florida,18,2,no,yes,Live,no,0.4,B/C,D +0.3,50%,0%,3.4,4.5,-0.9,0.3,0,2,D +3.4,D +1.0,,0,10/19/16
University of North Carolina,359,1,no,yes*,Live*,no,0.4,B/C,D +0.0,100%,0%,1.6,5.4,-3.6,-3.2,0,1,D +1.6,R +1.6,1,2.97,10/28/02
University of Denver,348,2,no,yes,Live,no,0.4,B/C,R +0.1,100%,0%,3.4,5.2,-1.7,-0.1,0,2,R +1.0,R +1.1,4.5,0.44,10/30/16
Analytical Group,11,1,no,yes*,Live*,no,0.4,B/C,D +0.1,100%,0%,4,5.3,-1.1,-0.8,0,1,D +4.0,D +3.0,3.7,0.86,10/26/02
ASA Marketing Group,5,1,no,yes*,Live*,no,0.4,B/C,D +0.1,100%,0%,5.5,4.5,1.2,0.1,0,1,D +5.5,,,0,10/28/06
Belden Russonello,28,2,no,yes,Live,no,0.4,B/C,D +0.1,100%,50%,4.7,5.3,-0.3,0.4,0,2,D +3.3,D +5.4,,0,10/18/04
Feldman Group,93,2,no,yes,Live,no,0.4,B/C,D +0.2,50%,50%,6.7,5.4,1.4,-0.4,0,2,D +4.1,D +2.8,1.5,0.84,10/29/12
Meeting Street Research,204,1,no,yes,Live,no,0.5,B/C,D +0.1,100%,0%,2.6,5.1,-2.2,-0.9,0,1,D +2.6,D +5.3,3,1.39,4/4/17
University of Nevada Las Vegas,356,1,no,yes,Live,no,0.5,B/C,,100%,100%,8.9,8.6,0.5,0.5,0,0,,,,0,1/29/12
Cromer Group,65,1,no,yes*,Live*,no,0.5,B/C,R +0.1,100%,0%,3.9,5.3,-1.2,0.6,0,1,R +3.9,R +3.8,,0,10/19/06
West Virginia Research Center,378,2,no,yes*,Live*,no,0.5,B/C,D +0.2,50%,50%,6.4,5.4,1.2,0.6,0,2,D +6.4,D +3.8,5.3,0.02,10/25/00
Rhode Island College,285,5,no,yes*,Live*,no,0.5,B/C,R +0.1,100%,20%,6.1,6.1,0.2,-0.1,0,4,R +1.5,R +0.8,3.9,0.68,10/24/10
Braun Research,33,6,no,yes,Live,no,0.5,B/C,D +1.2,100%,50%,6.6,5.1,1.6,0.4,0.1,6,D +6.6,D +2.8,2.5,0.17,10/21/16
Zimmerman & Associates/Marketing Intelligence,394,3,no,yes*,Live*,no,0.5,B/C,D +0.2,100%,0%,4.7,6,-1.1,0,0,3,D +3.2,D +0.7,2.2,0.72,10/18/08
Virginia Commonwealth University,370,5,no,yes,Live,no,0.5,B/C,R +0.2,100%,20%,4.9,5.1,0,0.5,0,5,R +1.9,R +1.8,5.3,0.13,10/23/09
DFM Research,69,10,no,yes,Live,no,0.5,B/C,D +1.5,75%,40%,6.4,5.9,0.7,0.1,0,10,D +5.4,D +3.8,2.5,0.47,10/25/18
Public Strategies Inc.,264,6,no,yes*,Live*,no,0.5,B/C,,100%,33%,8,8.7,-0.6,0.7,0.1,0,,,7.6,0,3/1/08
Clarus Research Group,53,3,no,yes,Live,no,0.5,B/C,D +0.3,100%,33%,6.8,5,1.9,0.8,0.1,3,D +4.1,D +2.2,,0,10/6/11
Independent Market Research,148,2,no,yes*,Live*,no,0.5,B/C,D +0.1,100%,50%,5.8,5.1,0.8,1.5,0,2,D +5.3,D +4.2,5.5,0.23,10/22/98
University of Maryland,575,1,yes,no,Landline,no,0.5,B/C,D +0.1,0%,100%,6.6,4.8,2,2.2,0,1,D +6.6,D +2.2,,0,10/15/04
Insights West,151,9,no,no,Online,no,0.5,B/C,R +0.1,94%,0%,2.4,5.7,-3.1,-3.7,-1,8,R +0.4,R +1.0,3.1,1.25,11/6/16
Rice University,286,2,no,yes*,Live*,no,0.5,B/C,D +0.2,100%,0%,5.9,5.1,1,0.2,0,2,D +5.9,D +0.6,2.3,1.34,10/27/02
Val Smith,367,1,no,yes,Live,no,0.5,B/C,R +0.2,100%,0%,8.5,6.5,2.2,1.9,0,1,R +8.5,R +15.0,,0,10/22/08
Kiley & Company,162,3,no,yes,Live,no,0.5,B/C,D +0.5,100%,67%,6.6,5.7,1.1,0.9,0.1,3,D +5.5,D +9.2,7.4,0,10/25/12
SMS Research & Marketing Services Inc.,296,2,no,yes*,Live*,no,0.5,B/C,R +0.2,50%,50%,5.9,5.4,0.7,0.3,0,2,R +5.9,D +1.8,1,1.44,10/19/04
Old Dominion University,238,1,no,yes,Live,no,0.5,B/C,D +0.1,100%,0%,4.5,5.3,-0.6,-1,0,1,D +4.5,R +0.8,0,2.78,10/22/13
Polling Company/Global Strategy Group (Hotline Bullseye),255,4,no,yes*,Live*,no,0.5,B/C,R +0.2,25%,25%,4.3,3.6,0.9,1.1,0.1,4,R +4.3,R +2.8,3.2,0.2,11/4/00
Jeffrey Stonecash,158,1,no,yes*,Live*,no,0.5,B/C,R +0.2,100%,100%,8.4,4.8,3.8,2.8,0.1,1,R +8.4,R +16.5,22,0,10/29/06
A&A Research,2,1,no,yes*,Live*,no,0.5,B/C,R +0.1,0%,100%,10,6.3,3.9,3.6,0.1,1,R +10.0,,,0,10/22/02
TMR Research,328,2,no,yes*,Live*,no,0.5,B/C,D +0.2,0%,50%,7.9,5.1,3,2.7,0.1,2,D +7.9,D +6.7,,0,10/18/98
"California State University, Bakersfield",41,1,no,yes*,Live*,no,0.5,B/C,R +0.1,0%,100%,9.9,5.9,4.1,4.4,0.1,1,R +9.9,R +14.0,,0,10/20/00
West Chester University,377,7,no,yes*,Live*,no,0.5,B/C,D +0.1,100%,14%,5.2,5.3,0,0,0,7,D +1.0,D +2.3,3.7,0.89,10/24/06
Illinois Wesleyan University,147,3,no,yes*,Live*,no,0.5,B/C,R +0.3,100%,33%,8.2,5.9,2.4,1.5,0.1,3,R +8.2,R +5.9,5,0.25,10/21/02
Hill Research Consultants,140,5,no,yes,Live,no,0.5,B/C,R +0.3,60%,20%,5.3,5.6,-0.1,-0.3,0,5,R +3.7,R +2.7,2.2,1.49,10/15/08
OnMessage Inc.,239,11,no,yes,Live,no,0.5,B/C,R +1.4,82%,27%,6.4,5.7,0.8,0.7,0.2,11,R +5.0,R +6.2,8.3,0,10/17/18
Tulsa Surveys,341,1,no,yes*,Live*,no,0.5,B/C,R +0.1,100%,100%,11.9,4.5,7.6,5.8,0.1,1,R +11.9,,,0,10/18/98
Ipsos,154,66,yes,no,Online,no,0.5,B-,D +0.4,70%,21%,4.6,4.8,0,0.4,0.3,60,D +0.5,D +1.0,3.7,0.06,11/5/18
Decision Forecasting,77,3,no,yes*,Live*,no,0.5,B/C,R +0.1,100%,67%,8.1,4.6,3.6,1.6,0.1,3,R +1.4,D +0.6,3.5,0.5,11/1/00
Marketing Research Institute,192,1,no,yes*,Live*,no,0.5,B/C,R +0.1,0%,100%,7.4,5,2.6,4.6,0.1,1,R +7.4,R +7.3,,0,11/21/02
PSI,248,3,no,yes*,Live*,no,0.5,B/C,R +0.0,67%,67%,11.7,8,3.9,1.3,0,1,R +3.3,R +4.0,2,0.8,10/31/00
Southern Opinion Research,311,2,no,yes*,Live*,no,0.5,B/C,D +0.0,100%,50%,8.5,6,2.7,2.8,0.1,2,D +0.9,D +4.2,3.5,0.69,10/30/98
NPR,222,3,no,yes,Live,no,0.5,B/C,D +0.1,17%,33%,4.9,4.7,0.4,0.7,0.1,3,D +0.9,D +0.6,2.1,0.61,10/24/12
HighGround Inc.,416,2,no,yes,Live,no,0.5,B/C,R +0.4,50%,0%,4.4,6.5,-1.8,-0.7,-0.1,2,R +4.4,R +3.0,2.6,1.94,10/27/18
Minnesota State University Moorhead,211,4,no,yes*,Live*,no,0.5,B/C,D +0.4,100%,50%,8.3,5.2,3.2,1.6,0.1,4,D +6.2,D +3.3,,0,10/19/04
Talmey-Drake Research & Strategy Inc.,329,9,no,yes,Live,no,0.5,B/C,R +0.2,50%,44%,7.7,5.8,2,1.1,0.1,9,R +1.7,D +2.4,6.7,0,10/30/02
Arthur J. Finkelstein & Associates,16,1,no,yes*,Live*,no,0.5,B/C,R +0.2,0%,100%,13.7,7.2,6.7,5.8,0.1,1,R +13.7,,,0,10/17/02
Florida Atlantic University,97,8,no,no,IVR/Online,no,0.5,B/C,D +0.4,75%,0%,3.4,6.9,-3.3,-2,-0.6,4,D +2.9,D +0.4,4.4,0.26,3/6/20
Ron Lester and Associates,293,1,no,yes*,Live*,no,0.5,B/C,,100%,100%,18.9,8.1,11,2.9,0.1,0,,,1.9,1.33,1/21/08
Vox Populi Polling,372,19,no,no,IVR/Online,no,0.5,B/C,D +0.3,74%,16%,4.2,5.3,-1,-0.9,-0.4,19,D +0.7,R +1.2,4.8,0.17,10/29/18
JMC Analytics/Bold Blue Campaigns,503,5,no,yes,Live,no,0.5,B/C,R +1.1,80%,20%,6.7,5.8,1.1,0.9,0.2,5,R +5.5,R +6.8,26,0,11/22/18
Alaska Survey Research,155,9,no,yes,Live,no,0.5,B/C,D +1.8,56%,44%,7.1,6,1.4,0.8,0.2,9,D +7.1,D +3.1,10.3,0,10/28/18
Clarity Campaign Labs,52,12,no,partial,IVR/Live,no,0.5,B/C,D +1.1,54%,17%,3.5,4.4,-0.7,-0.7,-0.2,12,D +3.5,D +1.1,2.7,0.39,10/16/18
CallFire,42,4,no,yes,Live,no,0.5,B/C,R +0.4,75%,0%,3.9,4.6,-0.4,0.3,0,4,R +3.9,R +0.5,2.5,0.98,10/30/12
MarketAide Services Inc.,191,1,no,yes*,Live*,no,0.5,B/C,D +0.2,100%,100%,11.2,6.5,4.9,6.6,0.1,1,D +11.2,D +9.5,,0,10/19/02
Big Ten,31,10,no,yes*,Live*,no,0.5,B/C,D +0.8,100%,20%,4.7,5.1,-0.3,1,0.2,10,D +4.3,D +5.2,5.4,0,10/21/08
Abacus Associates,6,2,no,yes*,Live*,no,0.5,B/C,D +0.2,50%,50%,8.1,6.5,1.8,2.5,0.1,2,D +3.6,D +6.5,,0,10/21/10
Data for Progress,522,31,no,no,Online/Text,no,0.5,B-,D +0.0,81%,45%,8.9,8.1,0.9,-0.2,-0.1,2,D +0.3,R +1.9,7.6,0,3/8/20
Forman Center,100,2,no,yes*,Live*,no,0.6,B/C,D +0.2,100%,50%,11,5.9,5.3,5.1,0.1,2,D +11.0,D +17.1,21,0,10/22/98
Magellan Strategies,179,18,no,partial,Online/Live,no,0.6,B/C,R +0.5,94%,33%,6.5,5.8,0.8,0,0,11,R +1.8,R +4.3,6.4,0,2/25/20
Strategies 360,321,4,no,partial,Online/Live,no,0.6,B/C,R +0.1,63%,0%,2,5.5,-3.3,-3.1,-0.4,4,R +0.6,D +1.0,3.6,0.24,10/23/14
DHM Research,76,14,no,partial,Online/Live,no,0.6,B/C,R +0.1,86%,7%,4.4,5.9,-1.3,-0.9,-0.3,12,R +0.3,D +0.3,4.5,0.54,10/27/16
Bannon Communications,21,2,no,yes*,Live*,no,0.6,B/C,D +0.3,100%,50%,10.4,6.4,4.2,4,0.1,2,D +10.4,D +8.3,21,0,10/16/04
Opinion Consultants,241,2,no,yes*,Live*,no,0.6,B/C,R +0.3,100%,50%,6.6,5.1,1.7,1.6,0.1,2,R +6.6,R +5.4,2.2,1.79,10/26/06
Riley Research Associates,290,7,no,partial,Online/Live,no,0.6,B/C,R +0.1,100%,0%,2.7,5.6,-2.7,-2.3,-0.3,7,R +0.6,R +1.3,,0,10/15/08
Hendrix College,138,14,no,partial,IVR/Live/Text,no,0.6,B/C,D +1.5,93%,50%,6.5,5.6,1.1,-0.5,-0.2,13,D +4.7,R +3.0,,0,10/19/18
Hoffman Research Group,141,2,no,yes,Live,no,0.6,B/C,R +0.4,100%,0%,5.2,5.1,0.4,-0.2,0,2,R +5.2,R +1.3,2.1,2.19,10/30/18
Glover Park Group,120,1,no,yes,Live,no,0.6,B/C,R +0.3,0%,100%,11.4,6.7,4.8,4.4,0.1,1,R +11.4,R +7.3,,0,10/16/12
Y2 Analytics,389,4,no,partial,Online/Live,no,0.6,B/C,D +0.4,100%,50%,9.7,5.8,4,-1.5,-0.2,3,D +3.3,R +6.7,7.1,0,11/2/16
Anderson Group,12,1,no,yes*,Live*,no,0.6,B/C,R +0.2,0%,100%,10.9,4.3,6.8,8.2,0.1,1,R +10.9,R +5.0,5,0,11/11/03
Baselice & Associates,23,2,no,yes,Live,no,0.6,B/C,D +0.3,100%,50%,10,5.9,4.4,4.4,0.1,2,D +10.0,D +8.5,4,0.23,9/25/03
Florida Poll,99,5,no,yes,Live,no,0.6,B/C,D +0.3,60%,0%,4.6,4.8,0,1.2,0.1,5,D +3.1,D +0.8,3.3,0.71,10/25/10
Market Research Insight,185,11,no,yes,Live,no,0.6,B/C,D +1.2,100%,36%,4.8,4.9,0.1,0.9,0.3,11,D +3.9,D +3.6,6.4,0,10/9/19
Howey Politics/DePauw University,142,7,no,yes,Live,no,0.6,B/C,D +0.1,57%,29%,6.7,5.7,1.2,1.3,0.2,6,D +0.6,D +1.3,7.2,0,10/29/12
Lauer Johnson Research,167,1,no,yes,Live,no,0.6,B/C,D +0.3,0%,100%,13.8,6.4,7.6,7.3,0.1,1,D +13.8,D +17.0,,0,10/28/06
Franklin Pierce University,107,17,no,yes,Live,no,0.6,B/C,D +0.7,85%,47%,6.7,6.1,0.8,1.1,0.2,12,D +4.5,D +5.1,6,0.04,10/26/04
Neighbor,226,1,no,yes*,Live*,no,0.6,B/C,R +0.2,100%,100%,17.1,6.3,11,12.9,0.1,1,R +17.1,R +14.0,13,0,10/30/98
Gonzales Research & Marketing Strategies Inc.,121,9,no,yes,Live,no,0.6,B/C,R +0.3,78%,33%,6.4,6.1,0.5,1.1,0.2,8,R +2.1,R +1.4,3,0.23,10/22/14
McCulloch Research & Polling,201,4,no,yes*,Live*,no,0.6,B/C,R +0.4,75%,50%,7,4.5,2.7,2.6,0.2,4,R +5.5,R +3.2,5.1,0,11/5/06
Concord Public Opinion Partners,553,1,no,yes,Live,no,0.6,B/C,,100%,100%,13.4,9.1,4.5,3.3,0.2,0,,,14.6,0,3/8/20
Lycoming College,176,3,no,yes*,Live*,no,0.6,B/C,D +0.5,67%,33%,7.3,6.2,1.2,1.6,0.1,3,D +7.3,D +6.3,5,1.11,10/19/10
OpinionWorks,244,6,no,yes,Live,no,0.6,B/C,R +0.5,92%,50%,7.3,5,2.4,1.5,0.2,6,R +3.1,D +3.7,9.5,0,10/23/12
Data West Polling,74,2,no,yes*,Live*,no,0.6,B/C,D +0.4,50%,100%,13.1,6.8,6.5,6.1,0.2,2,D +13.1,D +7.5,,0,10/26/02
Tulchin Research,340,3,no,partial,Online/Live,no,0.6,B/C,R +0.1,67%,0%,3.8,5.5,-1.5,-2.5,-0.2,3,R +0.8,D +5.3,2.9,0.55,10/27/18
Spry Strategies,508,4,no,partial,IVR/Online/Live,no,0.6,B/C,R +0.3,75%,75%,10.8,7,4,-1.4,-0.2,1,R +5.4,R +11.6,16.4,0,3/2/20
University of Alabama at Birmingham,344,2,no,yes*,Live*,no,0.6,B/C,R +0.4,100%,100%,12,5.1,7.1,6.7,0.2,2,R +12.0,R +4.7,7,0,10/30/02
Latino Decisions,482,2,no,partial,Online/Live/Text,no,0.6,B/C,,100%,0%,4.7,8.6,-3.7,-2.7,-0.3,0,,,5.3,0.89,3/9/20
Cherry Communications,49,5,no,yes,Live,no,0.6,B/C,R +0.5,50%,20%,7.6,6.5,1.3,1.6,0.3,4,R +3.3,R +3.9,11.7,0,10/22/16
Strategic Research Associates,462,5,no,yes,Live,no,0.6,B/C,D +0.4,80%,20%,5,5.4,-0.2,1.1,0.2,5,D +1.9,D +0.0,3.2,0.36,10/20/18
SoonerPoll.com,308,20,yes,partial,Online/Live,no,0.6,B/C,D +1.9,80%,45%,8.9,6,3,1.5,0.6,16,D +5.4,D +1.8,5.9,0.11,2/19/20
Pew Research Center,253,25,yes,no,Online,no,0.7,B/C,D +0.8,50%,40%,4.4,4,0.6,1,0.4,25,D +2.1,D +1.0,3.8,0,10/23/16
Schapiro Group,300,2,no,yes*,Live*,no,0.7,B/C,,50%,50%,21.5,9.8,11.9,4.5,0.2,0,,,6.5,0.61,1/25/08
WCIA-TV,373,2,no,yes*,Live*,no,0.7,B/C,R +0.4,100%,100%,18.3,6.6,11.8,10,0.2,2,R +18.3,R +8.8,,0,10/14/98
Pan Atlantic Research,249,17,no,no,Online,no,0.7,B/C,D +0.8,91%,24%,6.8,6.8,0.3,-1,-0.3,15,D +2.7,D +1.1,7.5,0,10/18/14
David Binder Research,578,2,no,partial,Online/Live/Text,no,0.7,B/C,,0%,50%,5.4,8.1,-2.5,-1.4,-0.1,0,,,7.4,0,1/29/20
Rainmaker Media Group,276,1,no,yes*,Live*,no,0.7,B/C,D +0.3,100%,100%,12.1,5.2,7.1,10.3,0.2,1,D +12.1,D +7.8,,0,10/15/08
Southeastern Louisiana University,309,8,no,yes*,Live*,no,0.7,B/C,D +0.1,88%,38%,6.3,5,1.5,2.2,0.3,8,D +0.4,D +0.1,6,0,10/22/08
Douglas Fulmer & Associates,82,2,no,partial,IVR/Live,no,0.7,B/C,,100%,50%,5,8.3,-3.1,-2.8,-0.2,0,,,9.1,0,1/19/16
Ohio University,237,2,no,yes*,Live*,no,0.7,B/C,D +0.3,50%,50%,8.8,6,2.9,6.3,0.3,2,D +8.8,D +8.1,8.5,0,10/18/08
East Carolina University,523,3,yes,no,IVR/Online,no,0.7,B/C,,100%,100%,19.1,7.9,11.4,2.1,0.3,0,,,6.5,0,2/28/20
Star Tribune,315,14,no,yes,Live,no,0.7,B/C,D +0.9,50%,50%,5.9,4.2,1.9,1.8,0.3,12,D +5.1,D +3.7,5.1,0,11/6/06
University of Iowa,353,3,no,yes,Live,no,0.7,B/C,R +0.3,67%,67%,17.3,8.2,9.3,4.4,0.3,1,R +6.6,R +2.8,13.1,0,10/23/12
Hays Research Group,136,7,no,yes,Live,no,0.7,B/C,D +0.7,71%,43%,7.8,5.3,2.7,2.2,0.3,3,D +11.9,D +3.9,8.2,0,10/30/10
BK Strategies,20,3,no,partial,IVR/Live,no,0.7,B/C,D +0.4,67%,33%,3.8,3.7,0.3,-1,-0.1,3,D +3.6,R +2.9,3.3,0.27,10/28/16
New England College,228,19,no,no,IVR,no,0.7,B/C,R +1.2,74%,16%,4.2,5.1,-0.7,-0.4,-0.2,19,R +3.1,R +3.4,5.3,0,11/1/14
Hellenthal & Associates,137,5,no,yes,Live,no,0.7,B/C,D +0.4,40%,40%,8.3,6.6,1.8,2.4,0.3,3,D +4.4,D +1.2,18,0,10/18/14
Hickman Analytics,415,1,no,yes,Live,no,0.7,B/C,D +0.4,0%,100%,9.1,6.2,3.1,6.1,0.3,1,D +9.1,D +7.7,,0,10/15/19
St. Cloud State University,312,9,no,yes,Live,no,0.7,B/C,D +0.3,67%,44%,6.4,5.6,1,2.1,0.3,9,D +2.0,D +1.3,5.8,0.05,10/18/12
RRH Elections,274,9,no,partial,IVR/Online/Live,no,0.7,B/C,D +0.5,83%,22%,4.2,5.6,-1.2,-1,-0.3,9,D +1.8,R +4.1,3.9,0.83,8/27/19
Benenson Strategy Group,30,9,no,partial,Online/Live,no,0.7,B/C,D +0.7,61%,11%,5.8,6.2,-0.2,0,0,9,D +3.8,D +7.6,9.9,0,10/16/14
Greg Smith and Associates,128,5,no,yes*,Live*,no,0.7,B/C,D +0.8,60%,40%,8.5,6.2,2.5,2.7,0.3,5,D +8.5,D +3.7,5.2,0.81,10/29/10
Mellman Group,205,22,no,partial,Live/Text,no,0.7,B/C,D +1.7,80%,18%,5.2,5.4,0.1,0,0,22,D +4.4,D +5.5,3.7,0.38,10/14/14
Consumer Logic,59,4,no,yes*,Live*,no,0.7,B/C,D +0.3,50%,75%,8.8,5.1,3.8,4.4,0.3,4,D +5.4,D +2.5,3.1,1.17,10/17/04
East Tennessee State University,456,2,no,yes,Live,no,0.7,B/C,D +0.9,75%,100%,9.9,5.8,4.2,3.8,0.3,2,D +9.9,D +3.9,,0,10/26/18
Hamilton Campaigns,130,9,no,yes,Live,no,0.7,B/C,D +1.0,61%,33%,6.9,5.8,1.3,1.8,0.3,9,D +5.6,D +4.9,4.3,0.35,10/25/14
The Tyson Group,334,12,no,partial,Online/Live,no,0.8,B/C,R +0.0,96%,17%,4.7,5.8,-0.9,0,0,10,R +0.1,D +0.1,4.5,0.24,3/7/16
Keating Research/OnSight Public Affairs/Melanson,455,1,no,partial,Online/Live,no,0.8,B/C,R +0.1,100%,0%,2.6,5.9,-3.1,-3.9,-0.2,1,R +2.6,D +3.0,,0,10/28/18
1892 Polling,461,1,no,partial,IVR/Live,no,0.8,B/C,R +0.0,100%,0%,0.6,3.9,-3.1,-2.3,-0.1,1,R +0.6,R +4.3,7.5,0,10/21/18
Starboard Communications,316,2,no,partial,IVR/Live/Text,no,0.8,B/C,D +0.1,100%,0%,1.7,6.1,-4.2,-8.5,-0.8,1,D +3.3,R +7.3,19.5,0,2/26/20
DCCC Targeting and Analytics Department,68,1,no,partial,IVR/Live,no,0.8,B/C,D +0.2,100%,0%,4.5,6.2,-1.6,-2,-0.1,1,D +4.5,,,0,10/20/16
Massie & Associates,199,2,no,yes*,Live*,no,0.8,B/C,R +0.5,0%,100%,24,7,17.1,15.4,0.3,2,R +24.0,,,0,10/24/98
Rasmussen Reports/Pulse Opinion Research,277,722,no,no,IVR/Online,no,0.8,C+,R +1.5,78%,29%,5.3,5.6,-0.1,0.2,0.2,581,R +1.6,R +1.2,4.6,0.09,10/30/18
CVOTER,40,6,no,no,Online,no,0.8,B/C,R +0.2,100%,0%,1.9,3.4,-1.4,-1.8,-0.3,6,R +1.3,R +0.4,3.2,0.02,11/3/16
KG Polling,502,2,no,partial,Online/Live,yes,0.8,F,D +0.2,100%,0%,2.2,5.2,-2.8,-1.6,-0.1,2,D +2.2,D +1.0,1,1.57,3/5/18
IMGE Insights,145,2,no,partial,IVR/Live,no,0.8,B/C,R +0.5,100%,50%,6.4,5,1.6,0.2,0,2,R +6.4,R +0.5,6.5,0,11/4/17
Millersville University,210,5,no,yes*,Live*,no,0.8,B/C,R +0.6,80%,80%,14.1,5.2,9,6.9,0.4,5,R +10.5,R +6.2,5.8,0,10/26/02
University of Georgia,350,2,no,partial,Online/Live,no,0.8,B/C,R +0.3,50%,50%,5.7,5.1,0.8,-0.7,-0.1,2,R +4.1,D +0.7,1.3,0.9,10/26/18
University of New Orleans,358,12,no,partial,IVR/Live,no,0.8,B/C,D +0.3,83%,33%,5.6,5.4,0.3,0.7,0.2,11,D +1.0,D +2.2,8.6,0,12/6/16
FM3 Research,91,7,no,partial,Online/Live,no,0.9,B/C,D +0.5,79%,29%,5.9,6.2,-0.1,0.5,0,7,D +5.5,D +6.9,8.8,0,10/21/04
Zogby Interactive/JZ Analytics,395,473,no,no,Online,no,0.9,C+,R +0.6,77%,29%,5.4,5.7,-0.1,0.4,0.4,376,R +0.7,D +0.2,5,0,10/30/14
Marketing Workshop,194,7,no,yes*,Live*,no,0.9,B/C,D +0.1,57%,57%,9.7,5.4,4.5,3.5,0.3,7,D +1.6,D +0.7,2.6,1.83,10/28/02
Kimball Political Consulting,163,4,no,yes,Live,no,0.9,B/C,R +0.9,75%,75%,8.1,4.8,3.5,4.3,0.5,4,R +8.1,R +4.5,6.5,0,11/1/12
Momentum Analysis,214,3,no,yes,Live,no,0.9,B/C,D +0.4,33%,100%,13.7,6.5,7.4,7.2,0.5,3,D +5.7,D +2.8,,0,10/13/10
ROI Rocket,554,3,no,no,Online,no,0.9,B/C,,100%,33%,2.6,8,-5.2,-3.6,-0.5,0,,,3.6,0.77,3/9/20
R.L. Repass & Partners,268,1,no,partial,Online/Live,no,0.9,B/C,,100%,100%,11.6,9.8,1.9,0.7,0,0,,,,0,4/27/16
Univision/University of Houston/Latino Decisions,568,1,no,partial,Online/Live,no,0.9,B/C,,0%,100%,10.7,8,2.9,0.7,0,0,,,4.6,0,2/24/20
Schoen Consulting,301,1,no,partial,Online/Live,no,0.9,B/C,R +0.1,100%,0%,2.3,4.5,-2.1,-0.3,0,1,R +2.3,R +1.5,1.9,0.97,10/22/10
20/20 Insight,1,6,no,partial,IVR/Live,no,0.9,B/C,D +0.2,50%,33%,12.1,7.6,4.7,0.8,0.1,3,D +1.9,D +4.3,8.8,0,11/1/18
Victoria Research & Consulting,369,1,no,partial,Live/Text,no,0.9,B/C,D +0.1,50%,0%,8,6.5,1.7,1,0,1,D +8.0,,,0,10/18/04
JMC Analytics,156,11,no,partial,IVR/Live/Text,no,0.9,B/C,R +1.0,86%,18%,5.6,5.2,0.6,-0.1,0,11,R +3.0,R +2.8,3.6,0.57,11/13/19
Sacred Heart University,453,1,no,partial,Online/Live,no,0.9,B/C,R +0.3,0%,0%,5.6,5.6,0.2,0.9,0,1,R +5.6,R +8.8,6.4,0,10/30/18
Ed Renwick/Loyola University New Orleans,85,7,no,yes*,Live*,no,0.9,B/C,D +0.6,86%,43%,8.1,5,3.3,4.1,0.5,7,D +5.3,D +4.6,6.1,0.01,10/25/08
"Normington, Petts & Associates",232,10,no,partial,Online/Live,no,0.9,B/C,D +0.5,60%,40%,6.4,6.2,0.5,0.7,0.1,10,D +2.7,D +4.5,3,0.12,10/16/14
Loras College,171,18,no,yes,Live,no,0.9,B/C,D +1.5,72%,33%,8.1,6.5,1.7,0.9,0.4,14,D +4.3,R +0.6,3.3,0.61,11/2/16
Probolsky Research,259,4,no,partial,Online/Live/Text,no,0.9,B/C,R +0.8,50%,25%,6.4,5,1.6,1,0.1,3,R +7.7,R +5.6,6.2,0,10/28/18
University of Texas at Tyler,458,3,no,partial,Online/Live,no,0.9,B/C,R +0.3,67%,67%,7.6,5.8,2,1.1,0.1,2,R +4.1,R +0.9,4.9,0,2/22/20
Gravis Marketing,124,132,no,partial,IVR/Online/Live,no,0.9,C,D +0.9,68%,32%,5.3,5.1,0.4,0.6,0.5,103,D +1.1,R +0.3,4.4,0,3/11/20
AtlasIntel,546,8,no,no,Online,no,0.9,B/C,,81%,63%,8.8,8.2,0.8,-0.1,0,0,,,8.9,0,3/15/20
Harper Polling/Clarity Campaign Labs,513,1,no,partial,IVR/Live,no,1,B/C,D +0.3,0%,0%,7,5.9,1.3,2.1,0.1,1,D +7.0,D +4.8,,0,8/27/19
Susquehanna Polling & Research Inc.,326,38,no,partial,IVR/Online/Live,no,1,C,D +0.9,76%,29%,5.8,5.5,0.5,0.7,0.4,33,D +1.7,D +0.3,4.8,0,10/30/18
Multi-Quest International,220,2,no,partial,IVR/Live,no,1,B/C,D +0.0,0%,0%,5,5.7,-0.5,-0.1,0,2,D +0.9,D +2.7,1.6,2.11,10/17/14
Ogden & Fry,425,3,no,no,IVR,no,1,B/C,R +0.0,100%,0%,2.5,5.8,-3,-4.4,-0.5,2,R +0.2,R +6.0,6,0,3/8/20
Marketing Resource Group (MRG),193,10,no,yes,Live,no,1,B/C,D +0.3,30%,70%,9.9,7.2,2.9,1.7,0.5,6,D +1.7,D +1.6,5.6,0.59,10/16/18
Beacon Research,545,1,no,partial,Online/Live,no,1,B/C,,100%,100%,11.4,7.8,3.8,2.4,0.1,0,,,,0,2/14/20
Civiqs,471,3,no,no,Online,no,1,B/C,,100%,33%,4.9,7.8,-2.7,-1.4,-0.2,0,,,9.3,0,1/28/20
Clout Research/Wenzel Strategies,55,15,no,yes,Live,no,1,B/C,R +1.8,53%,40%,6.7,5,1.9,2,0.7,14,R +5.5,R +4.6,5.2,0,4/15/17
Harris Insights & Analytics,133,169,yes,no,Online,no,1,C,R +1.3,83%,49%,5.1,3.4,1.9,0.9,0.8,169,R +1.5,D +0.7,4.1,0,11/5/18
Praecones Analytica,257,3,no,no,IVR/Online,no,1,B/C,R +0.2,33%,0%,1.8,6.4,-4.4,-5.6,-0.6,3,R +1.8,R +5.2,4.9,0.76,10/27/16
SocialSphere,307,2,no,partial,Online/Live,no,1,B/C,R +0.4,100%,0%,6.1,5.8,0.5,2.2,0.1,2,R +6.1,R +6.4,6.5,0,10/28/14
Cole Hargrave Snodgrass & Associates,56,5,no,partial,Live/Text,no,1,B/C,D +0.1,60%,40%,8.1,7,1.3,1,0.2,3,D +3.4,R +2.2,3.7,0.41,2/12/20
Maine People's Resource Center,180,14,no,no,IVR/Online,no,1,B/C,D +0.1,93%,36%,6.4,5.3,1.3,0.1,0,12,D +0.5,R +1.2,6.8,0,10/25/16
Western Kentucky University,379,5,no,yes,Live,no,1,B/C,D +1.2,80%,80%,11.1,5.9,5.4,3.3,0.6,4,D +9.2,R +0.1,2,0.46,10/28/16
Morning Consult,218,12,no,no,Online,no,1,B/C,D +0.2,75%,25%,3,3.5,-0.3,0.2,0.1,12,D +0.6,R +0.6,3.5,0,11/3/18
Alabama State University,8,4,no,no,Landline,no,1,B/C,,50%,50%,6.4,8.2,-1.6,-3.1,-0.3,0,,,5,0.03,3/7/12
Glengariff Group,117,10,no,partial,IVR/Live/Text,no,1,B/C,D +0.3,80%,40%,5.6,6,-0.2,0.7,0.2,8,D +1.3,D +3.0,4.8,0.2,3/1/20
TargetSmart/William & Mary,332,3,no,partial,Online/Live,no,1,B/C,D +0.6,67%,33%,5.3,4.6,0.9,1.8,0.2,3,D +5.3,D +1.7,4,0.23,11/2/16
Optimus,245,16,yes,partial,Online/Live/Text,no,1,B/C,R +1.4,81%,69%,8,4.6,3.5,2.7,1.1,13,R +3.9,R +2.7,6.4,0,3/8/20
St. Pete Polls,314,22,no,no,IVR,no,1,C,R +0.4,52%,27%,4.4,4.6,0,0.5,0.3,21,R +0.9,R +1.3,3.6,0,3/7/20
Meredith College,423,1,no,partial,Online/Live,no,1,B/C,,0%,100%,20.3,8.1,12.4,3,0.2,0,,,2.9,0.74,2/20/20
Roanoke College,292,16,yes,yes,Live,no,1.1,B/C,D +0.5,78%,56%,8.6,5.9,2.9,4,1.4,13,D +1.8,D +1.9,5.5,0,10/31/17
IVR Polls,146,4,no,no,IVR,no,1.1,B/C,,100%,25%,4.2,8.3,-4,-2,-0.2,0,,,8,0,3/1/08
Strategic National,318,2,no,no,IVR,no,1.1,B/C,D +0.1,25%,0%,0.7,5.1,-4.2,-7.2,-0.6,2,D +0.7,R +4.8,5.4,0.03,11/3/16
Master Image,200,2,no,no,IVR,no,1.1,B/C,,100%,0%,1.2,7.5,-6.1,-4.1,-0.3,0,,,,0,2/24/16
Capital Survey Research Center,44,13,no,no,Landline,no,1.1,B/C,D +0.0,35%,62%,9.7,7.6,2.2,0.1,0,4,D +0.6,D +1.3,10.2,0,3/10/12
OH Predictive Insights,235,6,no,partial,IVR/Online/Live,no,1.1,B/C,R +0.9,67%,33%,7.2,6.6,0.8,1.2,0.3,4,R +5.4,R +4.7,4.9,0.07,3/4/20
Riggs Research Services,289,1,no,yes*,Live*,no,1.1,B/C,D +0.9,0%,100%,33.7,5.9,28,25.9,0.7,1,D +33.7,D +29.0,29,0,10/28/10
Research America Inc.,282,3,no,partial,Online/Live,no,1.1,B/C,D +0.1,100%,33%,14.4,7.6,7,2.7,0.3,1,D +1.7,R +1.6,11.9,0,10/25/18
Columbus Dispatch,57,22,no,no,Mail,no,1.1,B/C,D +1.0,93%,45%,5.1,4.6,0.7,0.6,0.2,17,D +3.0,D +2.8,5.5,0,11/1/16
Dixie Strategies,81,11,no,partial,IVR/Live,no,1.1,B/C,R +1.2,95%,55%,6.9,5.7,1.4,1.5,0.5,8,R +4.5,R +4.0,7.2,0,10/30/18
OnPoint,240,4,no,no,IVR,no,1.1,B/C,D +0.1,100%,0%,1.7,5.2,-3.4,-2.4,-0.2,4,D +1.6,D +2.3,3.7,0.79,11/6/06
Craciun Research Group,61,1,no,yes,Live,no,1.1,B/C,D +0.7,0%,100%,18.7,6.2,12.7,17.5,0.7,1,D +18.7,D +11.3,,0,10/24/16
ALG Research,14,15,no,partial,Online/Live,no,1.1,B/C,D +1.5,60%,40%,6.5,5.9,0.8,1.3,0.4,15,D +4.6,D +6.8,4.4,0.22,10/27/18
USC Dornsife/Los Angeles Times,343,6,yes,no,Online,no,1.1,B/C,D +0.3,67%,83%,5.3,3.1,2.3,3.7,0.8,6,D +1.2,D +1.2,8.7,0,10/31/18
The Polling Company Inc.,337,7,no,partial,IVR/Online/Live,no,1.1,B/C,R +1.1,71%,57%,6.2,5.3,1.1,1.4,0.3,7,R +4.8,R +3.3,6.1,0,11/4/17
M4 Strategies,177,2,no,no,Online,no,1.1,B/C,R +0.2,100%,50%,3.1,3.2,0.1,-4.4,-0.3,2,R +3.1,D +4.8,6.7,0,10/25/12
Victory Enterprises,525,1,no,partial,IVR/Live,no,1.2,B/C,R +0.5,0%,100%,17.3,6.7,10.9,9.5,0.3,1,R +17.3,,,0,10/24/12
We Ask America,376,53,no,partial,IVR/Online/Live/Text,no,1.2,C,R +0.8,82%,45%,6.9,5.6,1.5,1,0.6,34,R +1.6,R +2.2,5.8,0,9/25/19
Edgewater Research/My People Vote,530,2,no,no,IVR,no,1.2,B/C,R +0.1,100%,0%,1.7,5.5,-3.6,-1.7,-0.2,2,R +0.7,D +0.7,1.2,1.03,11/11/19
RMG Research,555,1,no,no,IVR/Online,no,1.2,B/C,,100%,0%,4.3,8.1,-3.6,-5.1,-0.3,0,,,,0,2/24/20
Evan Falchuk and Lou DiNatale,531,1,no,no,IVR,no,1.2,B/C,,0%,100%,11.3,7.9,3.5,-2.9,-0.2,0,,,,0,2/17/20
RABA Research,269,2,no,partial,IVR/Online/Live,no,1.2,B/C,D +0.3,100%,50%,5.3,6,-0.4,2.1,0.2,1,D +6.9,D +2.0,2.3,0.57,11/2/16
WPA Intelligence (WPAi),383,17,no,partial,IVR/Online/Live,no,1.2,B/C,R +0.7,68%,47%,7.5,6.2,1.5,1.3,0.5,15,R +2.1,R +4.8,10,0,2/12/20
Forward Strategies,102,2,no,no,IVR,no,1.2,B/C,D +0.1,100%,0%,1.3,5.1,-3.6,-2.9,-0.1,2,D +1.3,D +3.6,3.4,1.1,10/28/10
CSP Polling,39,1,no,no,Online,yes,1.2,F,D +0.1,100%,0%,2.6,5.6,-2.8,-2.7,-0.1,1,D +2.6,R +2.6,4.1,0.8,6/16/17
Purple Strategies,265,4,no,no,Online,no,1.2,B/C,R +0.3,88%,0%,3,4.8,-1.6,-1.3,-0.1,4,R +3.0,R +0.1,2.2,1.29,11/1/12
Revily,284,1,no,no,IVR,no,1.2,B/C,R +0.0,100%,0%,0.5,4.8,-4.1,-2.8,-0.1,1,R +0.5,D +1.7,2,1.58,4/11/17
Global Strategy Group,118,22,no,partial,Online/Live/Text,no,1.2,B/C,D +1.8,68%,27%,6.7,5.8,1.1,1.6,0.6,22,D +4.8,D +5.2,5.6,0.05,10/22/14
Pacific Market Research,459,2,no,no,Online,no,1.2,B/C,R +0.7,100%,50%,7.5,6.5,1.2,0,0,2,R +7.5,R +0.9,,0,10/22/18
Arizona State University,15,8,no,partial,Online/Live,no,1.2,B/C,D +0.6,100%,50%,8.2,6.1,2.3,2.4,0.3,6,D +5.8,D +6.8,0.4,0.87,10/25/08
Crantford Research,62,1,no,no,Online,no,1.2,B/C,D +0.1,100%,0%,2.5,5.4,-2.8,-3.9,-0.1,1,D +2.5,D +9.5,,0,10/18/10
Rivercity Polling,291,1,no,no,IVR,no,1.2,B/C,R +0.2,100%,0%,6.7,7.6,-0.8,-3.1,-0.1,1,R +6.7,R +11.5,,0,10/21/10
AFL-CIO,526,1,no,no,IVR,no,1.3,B/C,R +0.1,100%,0%,3.8,4.9,-0.8,-1.5,0,1,R +3.8,,,0,10/22/12
War Room Logistics,374,1,no,no,IVR,no,1.3,B/C,,100%,100%,4.5,7.5,-2.8,-1.3,0,0,,,11.6,0,1/27/12
Diamond State Consulting Group,78,1,no,no,IVR,no,1.3,B/C,D +0.1,100%,0%,4.2,5,-0.6,-1.6,-0.1,1,D +4.2,R +5.0,5,0.62,10/21/14
MRG Research,207,22,no,partial,IVR/Live,no,1.3,B/C,R +2.1,82%,45%,7.1,5.2,2.1,1.7,0.7,21,R +5.5,R +2.4,8.5,0,10/18/14
Pasquines,552,1,no,no,Online,no,1.3,B/C,,100%,0%,10.4,10.1,0.4,-0.7,0,0,,,,0,5/27/16
Florida Chamber of Commerce,577,1,no,no,Landline,no,1.3,B/C,D +0.0,100%,0%,1.2,4.8,-3.4,-2.6,-0.1,1,D +1.2,D +1.9,3.2,0.85,10/27/08
PSB Research,250,19,no,no,Online,no,1.3,B/C,D +2.3,63%,42%,7.8,6.4,1.6,0.9,0.3,19,D +7.0,D +1.0,5.4,0.02,10/20/10
Trafalgar Group,338,48,no,no,IVR,no,1.3,C-,R +0.9,75%,50%,5.6,4.7,1,0.9,0.6,34,R +1.5,R +3.4,5.1,0,2/27/20
Singularis Group,306,1,no,no,IVR,no,1.3,B/C,R +0.0,100%,0%,0.8,4.1,-3.1,-2.6,-0.1,1,R +0.8,D +2.0,2,2.38,10/27/16
Constituent Dynamics,58,8,no,no,IVR,no,1.3,B/C,R +0.0,88%,63%,8.5,7.6,1.2,0.8,0.1,1,R +1.9,D +2.3,10.9,0,2/25/08
TargetPoint,331,2,no,partial,IVR/Live,no,1.3,B/C,,100%,100%,18.3,8.2,10.4,5.9,0.4,0,,,,0,4/9/16
BIGresearch,19,1,no,no,Online,no,1.3,B/C,R +0.0,100%,0%,1.9,3.9,-1.8,-3.6,-0.1,1,R +1.9,R +7.8,6.4,0,10/4/03
Rossman Group,294,1,no,no,IVR,no,1.3,C/D,D +0.1,100%,0%,4.2,6.5,-2.1,0.2,0,1,D +4.2,D +4.7,,0,10/18/10
Remington Research Group,279,39,no,partial,IVR/Live,no,1.3,C-,D +1.2,69%,36%,4.9,3.7,1.4,1.4,0.9,38,D +2.0,R +1.9,4.7,0,3/5/20
Triumph Campaigns,339,1,no,no,IVR,no,1.3,C/D,R +0.2,100%,0%,4.2,4.2,0.3,0.9,0,1,R +4.2,R +5.0,,0,11/5/15
Liberty Opinion Research,169,1,no,no,IVR,no,1.3,C/D,,100%,100%,5.7,7.3,-1.4,0.5,0,0,,,2.5,0.51,4/7/16
Big Data Poll,251,4,no,no,IVR/Online,yes,1.3,F,R +0.4,25%,25%,3,2.9,0.3,1.1,0.2,4,R +3.0,R +4.9,6.7,0,11/5/16
Iona College,152,1,no,no,IVR,no,1.3,C/D,D +0.1,100%,0%,4.4,5.5,-0.9,-1.1,0,1,D +4.4,R +1.7,1.5,2.26,10/20/10
"University of California, Berkeley",457,3,no,no,Online,no,1.3,C/D,R +0.3,100%,67%,8,5.3,2.9,1.2,0.2,1,R +5.9,D +2.7,8.3,0,2/23/20
Datamar,75,8,no,no,IVR,no,1.3,C/D,R +0.3,69%,38%,6.3,6,0.5,1.2,0.2,5,R +2.8,R +3.3,5.8,0,11/2/08
co/efficient,514,1,no,no,IVR/Text,no,1.3,C/D,D +0.2,0%,0%,3.5,4.1,-0.4,0.4,0,1,D +3.5,R +0.5,3,1.04,9/6/19
Change Research,48,65,no,no,Online,no,1.3,C-,D +1.1,77%,38%,6.6,5.1,1.7,1,0.7,57,D +1.6,D +2.1,6.4,0,3/2/20
CrossTarget,66,2,no,no,IVR,no,1.3,C/D,R +0.4,100%,50%,7.7,4.9,3.1,1.5,0.1,2,R +7.7,R +13.3,15.8,0,1/17/10
TeleResearch Corporation,335,1,no,no,IVR,no,1.4,C/D,,100%,100%,8.9,8,1,2.2,0,0,,,11.3,0,4/27/08
Critical Insights,64,19,no,partial,Online/Live,no,1.4,C/D,R +0.1,89%,42%,8.6,6.4,2.4,2.2,0.7,17,R +0.2,R +2.1,11.4,0,10/31/12
RAND (American Life Panel),270,4,no,no,Online,no,1.4,C/D,D +0.2,100%,25%,2.7,2.6,0.3,1.5,0.2,4,D +1.4,D +3.7,4.1,0,10/26/16
Great Lakes Strategies Group,125,1,no,no,IVR,no,1.4,C/D,R +0.2,0%,100%,7.5,5,2.7,3,0.1,1,R +7.5,R +10.0,10,0,10/27/10
MarblePort,182,2,no,no,IVR,no,1.4,C/D,R +0.4,100%,100%,5.6,4.1,1.6,2,0.1,2,R +5.6,R +4.4,6.3,0,11/11/15
ResearchNow,283,2,no,no,Online,no,1.4,C/D,,100%,100%,9.4,8.7,0.8,0.4,0,0,,,1,1.6,2/23/16
New Frontier Strategy,229,1,no,no,IVR,no,1.4,C/D,,0%,100%,21.6,7.8,13.9,4,0.1,0,,,,0,1/12/12
Hampton University,131,4,no,partial,Online/Live,no,1.4,C/D,R +0.8,50%,50%,7.5,4.5,3.2,4.6,0.7,4,R +5.8,R +6.8,5.5,0,10/20/17
Indiana University-Purdue University Fort Wayne,150,3,no,yes,Live,no,1.4,C/D,,0%,100%,23.4,9.2,14.4,9.3,1,0,,,,0,4/21/16
McLaughlin & Associates,203,25,no,partial,Online/Live,no,1.4,C/D,R +0.9,70%,36%,6.2,5.7,0.7,2,0.9,25,R +2.1,R +4.4,5.9,0,10/20/18
Zata3,392,2,no,no,IVR,no,1.4,C/D,R +0.2,100%,50%,10.5,5.8,4.8,3.3,0.2,2,R +4.3,D +0.0,,0,10/20/10
GCR & Associates,110,1,no,no,IVR,no,1.5,C/D,,100%,100%,18.3,8.2,10.3,5.5,0.2,0,,,,0,3/9/12
Mitchell Research & Communications,213,66,no,partial,IVR/Live,no,1.5,C-,D +0.8,67%,41%,7.3,6.1,1.4,1.5,1.1,41,D +1.4,R +0.2,5.2,0,3/8/20
Slingshot Strategies,451,1,no,no,IVR/Online,no,1.5,C/D,D +0.4,100%,100%,9.3,5.8,3.7,4.9,0.2,1,D +9.3,D +9.0,9,0,11/1/18
ccAdvertising,396,30,no,yes,Live,no,1.5,C/D,R +2.6,88%,70%,7.1,4.1,3.1,2.8,1.3,30,R +5.7,R +3.7,4.9,0,11/1/14
Strategy Research,322,1,no,no,IVR,no,1.5,C/D,R +0.4,0%,100%,8.7,3.1,5.7,5.5,0.2,1,R +8.7,R +4.7,3.8,0,12/4/17
GaPundit.com,111,2,no,no,IVR,no,1.5,C/D,D +0.6,25%,100%,8.3,4.4,4,4,0.3,2,D +8.3,D +3.1,,0,10/14/14
Lucid,175,25,no,no,Online,no,1.6,D+,D +1.9,88%,32%,4.1,4,0.3,1.6,0.8,25,D +3.8,D +2.3,3.8,0,10/25/18
Target Insyght,330,6,no,partial,IVR/Live,no,1.6,C/D,R +0.6,75%,33%,10.4,6.6,4,3.8,0.8,4,R +3.9,R +3.7,12.2,0,3/8/20
Baldwin Wallace University,401,2,no,no,Online,no,1.6,C/D,D +0.7,50%,50%,8.3,4.5,4,4.1,0.4,2,D +8.3,D +3.5,,0,10/23/18
Brown University,35,12,no,yes,Live,no,1.6,C/D,R +0.3,83%,67%,11.4,7.4,4.1,4.7,1.2,7,R +2.2,R +0.1,4.9,0.31,4/20/16
University of Colorado,580,2,no,no,Online,no,1.6,C/D,D +0.5,100%,50%,6.7,4.4,2.5,5,0.4,2,D +6.7,D +7.3,,0,10/21/16
Opinion Research Associates,242,14,no,yes,Live,no,1.6,C/D,D +2.0,61%,43%,9.3,6,3.4,5,1.3,14,D +7.7,D +6.5,8.7,0,10/31/14
BWD Global,527,2,no,no,IVR,no,1.6,C/D,R +0.1,100%,50%,13.5,6.2,7.5,5.3,0.4,1,R +4.4,R +5.3,,0,5/26/16
Google Surveys,122,24,yes,no,Online,no,1.6,D+,R +0.1,92%,38%,5.3,3.4,2.1,3,1.4,24,R +0.2,R +0.7,3.6,0,11/4/16
Targoz Market Research,454,7,no,no,Online,no,1.7,C/D,D +1.6,93%,43%,7.3,6.1,1.4,2.3,0.6,7,D +6.1,D +4.3,5.1,0.16,11/10/19
OurProgress (The Progress Campaign),561,2,no,no,Online/Text,yes,1.7,F,,100%,100%,14.6,8.8,5.9,3.2,0.3,0,,,0.5,1.42,3/5/20
Saguaro Strategies,298,2,no,no,Online,no,1.7,C/D,D +0.4,0%,100%,5,2.9,2.2,4.9,0.4,2,D +5.0,D +4.0,2.4,0.89,10/30/16
Elucd,549,4,no,no,Online,no,1.7,C/D,,50%,75%,12.9,7.8,5.4,3.2,0.6,0,,,4,0,2/28/20
Baydoun Consulting,25,6,no,no,IVR,no,1.8,C/D,R +1.0,83%,67%,6.8,5.2,1.8,3.9,0.6,4,R +8.8,R +6.7,7.9,0,11/2/12
CPEC,38,2,no,no,IVR,no,1.8,C/D,,100%,100%,15.8,8.4,7.6,6.9,0.5,0,,,11.2,0,4/23/16
Zia Poll,393,3,no,no,IVR,no,1.8,C/D,R +0.5,100%,33%,4.9,2.5,2.5,5.3,0.6,3,R +4.9,R +3.3,5.9,0,11/6/16
Glascock Group,116,2,no,no,IVR,no,1.9,C/D,D +0.2,50%,100%,15.5,5.1,10.6,9.6,0.6,2,D +3.4,D +20.0,20,0,12/2/14
Point Blank Political,550,6,no,no,Online/Text,no,1.9,C/D,,83%,83%,10.7,7.5,3.3,3.4,0.9,0,,,9.4,0,3/12/20
TP Research,452,2,no,no,IVR,no,2,C/D,R +1.4,0%,100%,15.6,6.3,9.5,7.9,0.7,2,R +15.6,R +8.3,7.1,0.37,10/31/18
Carroll Strategies,450,5,no,no,IVR,no,2,C/D,R +1.9,80%,60%,9.9,5.5,4.6,3.6,0.7,5,R +9.9,R +1.7,4.5,0.92,11/1/18
Dane & Associates,71,2,no,no,IVR,no,2,C/D,R +0.9,50%,100%,21.2,3.9,17.5,15.2,0.7,2,R +21.2,R +10.5,3,0.79,10/28/08
Brigham Young University,34,4,no,no,Online,no,2.2,C/D,D +2.1,75%,75%,16.5,8.7,8,8.1,1,4,D +16.5,D +16.5,,0,10/19/14
Swayable,543,22,no,no,Online,no,2.2,D-,,77%,68%,12,7.8,4.4,2.8,1.5,0,,,10.2,0,3/16/20
Fort Hays State University,101,6,no,yes,Live,no,2.3,C/D,R +1.4,67%,50%,22.1,9,13.3,9.5,1.9,2,R +18.8,R +27.7,28.3,0,11/2/16
Saint Leo University,299,6,no,no,Online,no,2.5,C/D,D +1.8,33%,67%,8.5,4.9,3.8,6.9,1.4,6,D +8.5,D +6.5,8,0,10/19/18
SurveyMonkey,324,210,no,no,Online,no,2.6,D-,D +5.0,84%,54%,7.1,4.4,2.9,2.3,2.1,197,D +5.6,D +2.9,5.5,0,10/15/19
Nielson Brothers Polling,231,9,no,no,IVR,no,3,C/D,D +2.9,89%,67%,12.2,5.1,7.3,8,1.9,9,D +12.2,D +9.9,8.2,0,10/25/16
TCJ Research,327,132,no,no,IVR,yes,3,F,R +4.4,60%,49%,6.4,4.5,2.1,3,2.4,124,R +5.6,R +3.5,4.4,0,11/5/12
Humphrey Institute,143,12,no,no,Landline,no,3,C/D,D +0.6,33%,50%,17.9,6.5,11.6,9.2,1.9,8,D +3.8,D +3.0,5.5,0,10/23/10
Jayhawk Consulting,157,2,no,no,Landline,no,3.4,C/D,D +3.0,50%,100%,37.6,5.8,32,26.9,2.1,2,D +37.6,D +10.9,,0,10/23/18