Candidate,State,District,Office Type,Race Type,Race Primary Election Date,Primary Status,Primary Runoff Status,General Status,Primary %,Won Primary,Rep Party Support?,Trump Endorsed?,Bannon Endorsed?,Great America Endorsed?,NRA Endorsed?,Right to Life Endorsed?,Susan B. Anthony Endorsed?,Club for Growth Endorsed?,Koch Support?,House Freedom Support?,Tea Party Endorsed?,Main Street Endorsed?,Chamber Endorsed?,No Labels Support?
Mike Dunleavy,AK,Governor of Alaska,Governor,Regular,8/21/18,Advanced,None,On the Ballot,61.8,Yes,,,,,,,,,,,,,,
Michael Sheldon,AK,Governor of Alaska,Governor,Regular,8/21/18,Lost,None,None,2.2,No,,,,,,,,,,,,,,
Mead Treadwell,AK,Governor of Alaska,Governor,Regular,8/21/18,Lost,None,None,31.9,No,,,,,,,,,,,,,,
Darin Colbry,AK,Governor of Alaska,Governor,Regular,8/21/18,Lost,None,None,0.6,No,,,,,,,,,,,,,,
Thomas Gordon,AK,Governor of Alaska,Governor,Regular,8/21/18,Lost,None,None,1.3,No,,,,,,,,,,,,,,
Merica Hlatcu,AK,Governor of Alaska,Governor,Regular,8/21/18,Lost,None,None,1.5,No,,,,,,,,,,,,,,
Gerald Heikes,AK,Governor of Alaska,Governor,Regular,8/21/18,Lost,None,None,0.7,No,,,,,,,,,,,,,,
Steve Smith,AZ,U.S. House Arizona District 1,Representative,Regular,8/28/18,Lost,None,None,37.8,No,Yes,,,,,,,Yes,,,Yes,,,
Wendy Rogers,AZ,U.S. House Arizona District 1,Representative,Regular,8/28/18,Advanced,None,On the Ballot,43.4,Yes,Yes,,,,,,,No,,,No,,,
Tiffany Shedd,AZ,U.S. House Arizona District 1,Representative,Regular,8/28/18,Lost,None,None,18.8,No,Yes,,,,,,,No,,,No,,,
Lea Marquez Peterson,AZ,U.S. House Arizona District 2,Representative,Regular,8/28/18,Advanced,None,On the Ballot,33.6,Yes,Yes,,,,,,,,Yes,,,,,
Casey Welch,AZ,U.S. House Arizona District 2,Representative,Regular,8/28/18,Lost,None,None,21.4,No,No,,,,,,,,No,,,,,
Danny Morales,AZ,U.S. House Arizona District 2,Representative,Regular,8/28/18,Lost,None,None,15.9,No,No,,,,,,,,No,,,,,
Brandon Martin,AZ,U.S. House Arizona District 2,Representative,Regular,8/28/18,Lost,None,None,29.1,No,No,,,,,,,,No,,,,,
Edna San Miguel,AZ,U.S. House Arizona District 3,Representative,Regular,8/28/18,Lost,None,None,21.4,No,,,,,,,,,,,,,,
Sergio Arellano,AZ,U.S. House Arizona District 3,Representative,Regular,8/28/18,Lost,None,None,27.3,No,,,,,,,,,,,,,,
Nicolas Pierson,AZ,U.S. House Arizona District 3,Representative,Regular,8/28/18,Advanced,None,On the Ballot,51.4,Yes,,,,,,,,,,,,,,
Debbie Lesko,AZ,U.S. House Arizona District 8,Representative,Special,2/27/18,Advanced,None,On the Ballot,35.77,Yes,,,,,,,Yes,,Yes,Yes,,,,
Bob Stump,AZ,U.S. House Arizona District 8,Representative,Special,2/27/18,Lost,None,None,5.37,No,,,,,,,No,,No,No,,,,
Clair Van Steenwyk,AZ,U.S. House Arizona District 8,Representative,Special,2/27/18,Lost,None,None,2.37,No,,,,,,,No,,No,No,,,,
Phil Lovas,AZ,U.S. House Arizona District 8,Representative,Special,2/27/18,Lost,None,None,23.88,No,,,,,,,No,,No,No,,,,
Richard Mack,AZ,U.S. House Arizona District 8,Representative,Special,2/27/18,Lost,None,None,1.42,No,,,,,,,No,,No,No,,,,
Stephen Dolgos,AZ,U.S. House Arizona District 8,Representative,Special,2/27/18,Lost,None,None,0.48,No,,,,,,,No,,No,No,,,,
Steve Montenegro,AZ,U.S. House Arizona District 8,Representative,Special,2/27/18,Lost,None,None,23.82,No,,,,,,,No,,No,No,,,,
Christopher Sylvester,AZ,U.S. House Arizona District 8,Representative,Special,2/27/18,Lost,None,None,1.92,No,,,,,,,No,,No,No,,,,
David Lien,AZ,U.S. House Arizona District 8,Representative,Special,2/27/18,Lost,None,None,1.77,No,,,,,,,No,,No,No,,,,
Chad Allen,AZ,U.S. House Arizona District 8,Representative,Special,2/27/18,Lost,None,None,1.05,No,,,,,,,No,,No,No,,,,
Brenden Dilley,AZ,U.S. House Arizona District 8,Representative,Special,2/27/18,Lost,None,None,1.03,No,,,,,,,No,,No,No,,,,
Mark Yates,AZ,U.S. House Arizona District 8,Representative,Special,2/27/18,Lost,None,None,1.12,No,,,,,,,No,,No,No,,,,
Dave Giles,AZ,U.S. House Arizona District 9,Representative,Regular,8/28/18,Lost,None,None,33.3,No,No,,,,,,,,,,,,,
Steve Ferrara,AZ,U.S. House Arizona District 9,Representative,Regular,8/28/18,Advanced,None,On the Ballot,58.9,Yes,Yes,,,,,,,,,,,,,
Irina Baroness Von Behr,AZ,U.S. House Arizona District 9,Representative,Regular,8/28/18,Lost,None,None,7.8,No,No,,,,,,,,,,,,,
Joe Arpaio,AZ,U.S. Senate Arizona,Senator,Regular,8/28/18,Lost,None,None,18.9,No,,,No,No,,,,,No,,,,,
Kelli Ward,AZ,U.S. Senate Arizona,Senator,Regular,8/28/18,Lost,None,None,28.1,No,,,Yes,Yes,,,,,No,,,,,
Martha McSally,AZ,U.S. Senate Arizona,Senator,Regular,8/28/18,Advanced,None,On the Ballot,53,Yes,,,No,No,,,,,Yes,,,,,
John Cox,CA,Governor of California,Governor,Regular,6/5/18,Advanced,None,On the Ballot,70.15,Yes,,Yes,,,,Yes,,,,,,,,
Peter Yuan Liu,CA,Governor of California,Governor,Regular,6/5/18,Lost,None,None,1.08,No,,No,,,,No,,,,,,,,
Robert Newman,CA,Governor of California,Governor,Regular,6/5/18,Lost,None,None,1.77,No,,No,,,,No,,,,,,,,
Travis Allen,CA,Governor of California,Governor,Regular,6/5/18,Lost,None,None,26.15,No,,No,,,,No,,,,,,,,
Yvonne Girard,CA,Governor of California,Governor,Regular,6/5/18,Lost,None,None,0.85,No,,No,,,,No,,,,,,,,
John Fitzgerald,CA,U.S. House California District 11,Representative,Regular,6/5/18,Advanced,None,On the Ballot,100,Yes,,,,,,,,,,,,,,
Lisa Remmer,CA,U.S. House California District 12,Representative,Regular,6/5/18,Advanced,None,On the Ballot,100,Yes,,,,,,,,,,,,,,
Cristina OsmeÃ±a,CA,U.S. House California District 14,Representative,Regular,6/5/18,Advanced,None,On the Ballot,100,Yes,,,,,,,,,,,,,,
Rudy Peters,CA,U.S. House California District 15,Representative,Regular,6/5/18,Advanced,None,On the Ballot,100,Yes,,,,,,,,,,,,,,
Elizabeth Heng,CA,U.S. House California District 16,Representative,Regular,6/5/18,Advanced,None,On the Ballot,100,Yes,Yes,,,,,,,,,,,,,
Ron Cohen,CA,U.S. House California District 17,Representative,Regular,6/5/18,Advanced,None,On the Ballot,100,Yes,,,,,,,,,,,,,,
Christine Russell,CA,U.S. House California District 18,Representative,Regular,6/5/18,Advanced,None,On the Ballot,100,Yes,,,,,,,,,,,,,,
Dale Mensing,CA,U.S. House California District 2,Representative,Regular,6/5/18,Advanced,None,On the Ballot,100,Yes,,,,,,,,,,,,,,
Justin Fareed,CA,U.S. House California District 24,Representative,Regular,6/5/18,Advanced,None,On the Ballot,78.37,Yes,Yes,,,,Yes,,,,,,,,,
Michael Erin Woody,CA,U.S. House California District 24,Representative,Regular,6/5/18,Lost,None,None,21.63,No,No,,,,No,,,,,,,,,
Antonio Sabato Jr.,CA,U.S. House California District 26,Representative,Regular,6/5/18,Advanced,None,On the Ballot,53.04,Yes,,,,,,,,,,,,,,
Jeffrey Burum,CA,U.S. House California District 26,Representative,Regular,6/5/18,Lost,None,None,46.96,No,,,,,,,,,,,Yes,,,
Johnny Nalbandian,CA,U.S. House California District 28,Representative,Regular,6/5/18,Advanced,None,On the Ballot,100,Yes,,,,,,,,,,,,,,
Benito Bernal,CA,U.S. House California District 29,Representative,Regular,6/5/18,Advanced,None,On the Ballot,100,Yes,,,,,,,,,,,,,,
Charlie Schaupp,CA,U.S. House California District 3,Representative,Regular,6/5/18,Advanced,None,On the Ballot,100,Yes,,,,,,Yes,,,,,,,,
Mark Reed,CA,U.S. House California District 30,Representative,Regular,6/5/18,Advanced,None,On the Ballot,100,Yes,,,,,,,,,,,,,,
Sean Flynn,CA,U.S. House California District 31,Representative,Regular,6/5/18,Advanced,None,On the Ballot,100,Yes,Yes,,,,,,,,,,,,,
Kenneth Wright,CA,U.S. House California District 33,Representative,Regular,6/5/18,Advanced,None,On the Ballot,100,Yes,,,,,,,,,,,,,,
Ron Bassilian,CA,U.S. House California District 34,Representative,Regular,6/5/18,Advanced,None,On the Ballot,100,Yes,,,,,,,,,,,,,,
Christian Valiente,CA,U.S. House California District 35,Representative,Regular,6/5/18,Advanced,None,On the Ballot,100,Yes,,,,,,,,,,,,,,
Kimberlin Brown Pelzer,CA,U.S. House California District 36,Representative,Regular,6/5/18,Advanced,None,On the Ballot,51.61,Yes,Yes,,,,,,Yes,,,,,,,
Stephan Wolkowicz,CA,U.S. House California District 36,Representative,Regular,6/5/18,Lost,None,None,10.41,No,No,,,,,,No,,,,,,,
Dan Ball,CA,U.S. House California District 36,Representative,Regular,6/5/18,Lost,None,None,17.39,No,No,,,,,,No,,,,,,,
Doug Hassett,CA,U.S. House California District 36,Representative,Regular,6/5/18,Lost,None,None,11.21,No,No,,,,,,No,,,,,,,
Robert Bentley,CA,U.S. House California District 36,Representative,Regular,6/5/18,Lost,None,None,9.38,No,No,,,,,,No,,,,,,,
Ryan Downing,CA,U.S. House California District 38,Representative,Regular,6/5/18,Advanced,None,On the Ballot,100,Yes,,,,,,,,,,,,,,
Young Kim,CA,U.S. House California District 39,Representative,Regular,6/5/18,Advanced,None,On the Ballot,39.79,Yes,Yes,,,,,,Yes,,,,Yes,Yes,,
Bob Huff,CA,U.S. House California District 39,Representative,Regular,6/5/18,Lost,None,None,11.53,No,No,,,,,,No,,,,No,No,,
John Cullum,CA,U.S. House California District 39,Representative,Regular,6/5/18,Lost,None,None,2.24,No,No,,,,,,No,,,,No,No,,
Phil Liberatore,CA,U.S. House California District 39,Representative,Regular,6/5/18,Lost,None,None,21.22,No,No,,,,,,No,,,,No,No,,
Shawn Nelson,CA,U.S. House California District 39,Representative,Regular,6/5/18,Lost,None,None,12.45,No,Yes,,,,,,No,,,,No,No,,
Andrew Sarega,CA,U.S. House California District 39,Representative,Regular,6/5/18,Lost,None,None,1.05,No,No,,,,,,No,,,,No,No,,
Steve Vargas,CA,U.S. House California District 39,Representative,Regular,6/5/18,Lost,None,None,5.29,No,No,,,,,,No,,,,No,No,,
Aja Smith,CA,U.S. House California District 41,Representative,Regular,6/5/18,Advanced,None,On the Ballot,100,Yes,,,,,,,,,,,,,,
Omar Navarro,CA,U.S. House California District 43,Representative,Regular,6/5/18,Advanced,None,On the Ballot,56.02,Yes,,,,,,,,,,,,,,
Frank DeMartini,CA,U.S. House California District 43,Representative,Regular,6/5/18,Lost,None,None,27.54,No,,,,,,,,,,,,,,
Edwin Duterte,CA,U.S. House California District 43,Representative,Regular,6/5/18,Lost,None,None,16.44,No,,,,,,,,,,,,,,
Jazmina Saavedra,CA,U.S. House California District 44,Representative,Regular,6/5/18,Lost,None,None,58.53,No,,,,,,,,,,,,,,
Stacey Dash,CA,U.S. House California District 44,Representative,Regular,6/5/18,Lost,None,None,41.47,No,,,,,,,,,,,,,,
Russell Lambert,CA,U.S. House California District 46,Representative,Regular,6/5/18,Advanced,None,On the Ballot,100,Yes,,,,,,,,,,,,,,
John Briscoe,CA,U.S. House California District 47,Representative,Regular,6/5/18,Advanced,None,On the Ballot,54.48,Yes,,,,,,,,,,,,,,
David Clifford,CA,U.S. House California District 47,Representative,Regular,6/5/18,Lost,None,None,45.52,No,,,,,,,,,,,,,,
Diane Harkey,CA,U.S. House California District 49,Representative,Regular,6/5/18,Advanced,None,On the Ballot,52.93,Yes,Yes,,,,,,,,,,Yes,,,
Kristin Gaspar,CA,U.S. House California District 49,Representative,Regular,6/5/18,Lost,None,None,18.34,No,Yes,,,,,,,,,,No,,,
Rocky ChÃ¡vez,CA,U.S. House California District 49,Representative,Regular,6/5/18,Lost,None,None,15.66,No,Yes,,,,,,,,,,No,,,
Joshua Schoonover,CA,U.S. House California District 49,Representative,Regular,6/5/18,Lost,None,None,1.55,No,No,,,,,,,,,,No,,,
Brian Maryott,CA,U.S. House California District 49,Representative,Regular,6/5/18,Lost,None,None,6.26,No,No,,,,,,,,,,No,,,
Craig Nordal,CA,U.S. House California District 49,Representative,Regular,6/5/18,Lost,None,None,1.31,No,No,,,,,,,,,,No,,,
David Medway,CA,U.S. House California District 49,Representative,Regular,6/5/18,Lost,None,None,1.22,No,No,,,,,,,,,,No,,,
Mike Schmitt,CA,U.S. House California District 49,Representative,Regular,6/5/18,Lost,None,None,2.72,No,No,,,,,,,,,,No,,,
Juan Hidalgo,CA,U.S. House California District 51,Representative,Regular,6/5/18,Advanced,None,On the Ballot,49.39,Yes,,,,,,,,,,,,,,
Louis Fuentes,CA,U.S. House California District 51,Representative,Regular,6/5/18,Lost,None,None,53.9,No,,,,,,,,,,,,,,
John Renison Jr.,CA,U.S. House California District 51,Representative,Regular,6/5/18,Lost,None,None,45.22,No,,,,,,,,,,,,,,
Omar Qudrat,CA,U.S. House California District 52,Representative,Regular,6/5/18,Advanced,None,On the Ballot,37.28,Yes,No,,,,,,,,,,,,,
James Veltmeyer,CA,U.S. House California District 52,Representative,Regular,6/5/18,Lost,None,None,27.81,No,No,,,,,,,,,,,,,
John Horst,CA,U.S. House California District 52,Representative,Regular,6/5/18,Lost,None,None,8.25,No,No,,,,,,,,,,,,,
Danny Casara,CA,U.S. House California District 52,Representative,Regular,6/5/18,Lost,None,None,11.2,No,No,,,,,,,,,,,,,
Michael Allman,CA,U.S. House California District 52,Representative,Regular,6/5/18,Lost,None,None,9.57,No,Yes,,,,,,,,,,,,,
Jeff Cullen,CA,U.S. House California District 52,Representative,Regular,6/5/18,Lost,None,None,5.88,No,No,,,,,,,,,,,,,
Morgan Murtaugh,CA,U.S. House California District 53,Representative,Regular,6/5/18,Advanced,None,On the Ballot,42.73,Yes,,,,,,,,,,,,,,
Matt Mendoza,CA,U.S. House California District 53,Representative,Regular,6/5/18,Lost,None,None,40.43,No,,,,,,,,,,,,,,
Brett Goda,CA,U.S. House California District 53,Representative,Regular,6/5/18,Lost,None,None,5.93,No,,,,,,,,,,,,,,
Shawn Gino Kane,CA,U.S. House California District 53,Representative,Regular,6/5/18,Lost,None,None,10.91,No,,,,,,,,,,,,,,
Andrew Grant,CA,U.S. House California District 7,Representative,Regular,6/5/18,Advanced,None,On the Ballot,69.15,Yes,Yes,,,,,,,,,,,,Yes,
Yona Barash,CA,U.S. House California District 7,Representative,Regular,6/5/18,Lost,None,None,30.85,No,No,,,,,,,,,,,,No,
Marla Livengood,CA,U.S. House California District 9,Representative,Regular,6/5/18,Advanced,None,On the Ballot,100,Yes,,,,,,Yes,,,,,,,,
Jerry Laws,CA,U.S. Senate California,Senator,Regular,6/5/18,Lost,None,None,3.04,No,,,,,,No,,,,,,,,
Kevin Mottus,CA,U.S. Senate California,Senator,Regular,6/5/18,Lost,None,None,3.94,No,,,,,,No,,,,,,,,
Roque De La Fuente,CA,U.S. Senate California,Senator,Regular,6/5/18,Lost,None,None,6.11,No,,,,,,No,,,,,,,,
Tom Palzer,CA,U.S. Senate California,Senator,Regular,6/5/18,Lost,None,None,9.26,No,,,,,,No,,,,,,,,
Patrick Little,CA,U.S. Senate California,Senator,Regular,6/5/18,Lost,None,None,4.06,No,,,,,,No,,,,,,,,
Erin Cruz,CA,U.S. Senate California,Senator,Regular,6/5/18,Lost,None,None,12.06,No,,,,,,No,,,,,,,,
Mario Nabliba,CA,U.S. Senate California,Senator,Regular,6/5/18,Lost,None,None,1.77,No,,,,,,No,,,,,,,,
Paul Taylor,CA,U.S. Senate California,Senator,Regular,6/5/18,Lost,None,None,14.59,No,,,,,,Yes,,,,,,,,
Arun Bhumitra,CA,U.S. Senate California,Senator,Regular,6/5/18,Lost,None,None,15.82,No,,,,,,No,,,,,,,,
James Bradley,CA,U.S. Senate California,Senator,Regular,6/5/18,Lost,None,None,25.08,No,,,,,,No,,,,,,,,
John Crew,CA,U.S. Senate California,Senator,Regular,6/5/18,Lost,None,None,4.24,No,,,,,,No,,,,,,,,
Walker Stapleton,CO,Governor of Colorado,Governor,Regular,6/26/18,Advanced,None,On the Ballot,47.67,Yes,,,,,,,,,,,,,,
Greg Lopez,CO,Governor of Colorado,Governor,Regular,6/26/18,Lost,None,None,13.2,No,,,,,,,,,,,,,,
Victor Mitchell,CO,Governor of Colorado,Governor,Regular,6/26/18,Lost,None,None,30.12,No,,,,,,,,,,,,,,
Doug Robinson,CO,Governor of Colorado,Governor,Regular,6/26/18,Lost,None,None,9.01,No,,,,,,,,,,,,,,
Casper Stockham,CO,U.S. House Colorado District 1,Representative,Regular,6/26/18,Advanced,None,On the Ballot,100,Yes,,,,,,,,,,,,,,
Peter Yu,CO,U.S. House Colorado District 2,Representative,Regular,6/26/18,Advanced,None,On the Ballot,100,Yes,,,,,,,,,,,,,,
Mark Barrington,CO,U.S. House Colorado District 7,Representative,Regular,6/26/18,Advanced,None,On the Ballot,100,Yes,,,,,,,,,,,,,,
Bob Stefanowski,CT,Governor of Connecticut,Governor,Regular,8/14/18,Advanced,None,On the Ballot,29.3,Yes,,,,,,,,,,,,,,
Mark Boughton,CT,Governor of Connecticut,Governor,Regular,8/14/18,Lost,None,None,21.2,No,,,,,,,,,,,,,,
Steve Obsitnik,CT,Governor of Connecticut,Governor,Regular,8/14/18,Lost,None,None,13.5,No,,,,,,,,,,,,,,
Tim Herbst,CT,Governor of Connecticut,Governor,Regular,8/14/18,Lost,None,None,17.6,No,,,,,,,,,,,,,,
David Stemerman,CT,Governor of Connecticut,Governor,Regular,8/14/18,Lost,None,None,18.4,No,,,,,,,,,,,,,,
Jennifer Nye,CT,U.S. House Connecticut District 1,Representative,Regular,8/14/18,Advanced,None,On the Ballot,100,Yes,,,,,,,,,,,,,,
Dan Postemski,CT,U.S. House Connecticut District 2,Representative,Regular,8/14/18,Advanced,None,On the Ballot,100,Yes,,,,,,,,,,,,,,
Angel Cadena,CT,U.S. House Connecticut District 3,Representative,Regular,8/14/18,Advanced,None,On the Ballot,100,Yes,,,,,,,,,,,,,,
Harry Arora,CT,U.S. House Connecticut District 4,Representative,Regular,8/14/18,Advanced,None,On the Ballot,100,Yes,,,,,,,,,,,,,,
Manny Santos,CT,U.S. House Connecticut District 5,Representative,Regular,8/14/18,Advanced,None,On the Ballot,51.7,Yes,,,,,,,,,,,,,,
Ruby Corby O'Neill,CT,U.S. House Connecticut District 5,Representative,Regular,8/14/18,Lost,None,None,26.7,No,,,,,,,,,,,,,,
Rich DuPont,CT,U.S. House Connecticut District 5,Representative,Regular,8/14/18,Lost,None,None,21.7,No,,,,,,,,,,,,,,
Matthew Corey,CT,U.S. Senate Connecticut,Senator,Regular,8/14/18,Advanced,None,On the Ballot,76.7,Yes,,,,,,,,,,,,,,
Dominic Rapini,CT,U.S. Senate Connecticut,Senator,Regular,8/14/18,Lost,None,None,23.3,No,,,,,,,,,,,,,,
Lee Murphy,DE,U.S. House Delaware At-large District,Representative,Regular,9/6/18,Lost,None,None,47,No,,,,,,,,,,,,,,
Scott Walker,DE,U.S. House Delaware At-large District,Representative,Regular,9/6/18,Advanced,None,On the Ballot,53,Yes,,,,,,,,,,,,,,
Gene Truono,DE,U.S. Senate Delaware,Senator,Regular,9/6/18,Lost,None,None,28,No,,,,,,,,,,,,,,
Robert Arlett,DE,U.S. Senate Delaware,Senator,Regular,9/6/18,Advanced,None,On the Ballot,66.8,Yes,,,,,,,,,,,,,,
Roque De La Fuente,DE,U.S. Senate Delaware,Senator,Regular,9/6/18,Lost,None,None,5.3,No,,,,,,,,,,,,,,
Bruce Nathan,FL,Governor of Florida,Governor,Regular,8/28/18,Lost,None,None,0.9,No,,,,,,No,,,No,,,,No,
Ron DeSantis,FL,Governor of Florida,Governor,Regular,8/28/18,Advanced,None,On the Ballot,56.5,Yes,,Yes,,,,,,,Yes,,,,No,
Don Baldauf,FL,Governor of Florida,Governor,Regular,8/28/18,Lost,None,None,0.8,No,,No,,,,No,,,No,,,,No,
Bob White,FL,Governor of Florida,Governor,Regular,8/28/18,Lost,None,None,2,No,,No,,,,No,,,No,,,,No,
Adam Putnam,FL,Governor of Florida,Governor,Regular,8/28/18,Lost,None,None,36.6,No,,No,,,,,,,No,,,,Yes,
Timothy Devine,FL,Governor of Florida,Governor,Regular,8/28/18,Lost,None,None,1.3,No,,No,,,,No,,,No,,,,No,
Bob Langford,FL,Governor of Florida,Governor,Regular,8/28/18,Lost,None,None,1.2,No,,No,,,,No,,,No,,,,No,
John Joseph Mercadante,FL,Governor of Florida,Governor,Regular,8/28/18,Lost,None,None,0.7,No,,No,,,,No,,,No,,,,No,
George Buck,FL,U.S. House Florida District 13,Representative,Regular,8/28/18,Advanced,None,On the Ballot,56,Yes,,,,,,Yes,,,,,,,,
Brad Sostack,FL,U.S. House Florida District 13,Representative,Regular,8/28/18,Lost,None,None,44,No,,,,,,No,,,,,,,,
Neil Combee,FL,U.S. House Florida District 15,Representative,Regular,8/28/18,Lost,None,None,34.1,No,,,,,,No,,,,,,,,
Ross Spano,FL,U.S. House Florida District 15,Representative,Regular,8/28/18,Advanced,None,On the Ballot,43.7,Yes,,,,,,,,,,,,,,
Sean Harper,FL,U.S. House Florida District 15,Representative,Regular,8/28/18,Lost,None,None,10,No,,,,,,No,,,,,,,,
Danny Kushmer,FL,U.S. House Florida District 15,Representative,Regular,8/28/18,Lost,None,None,6.7,No,,,,,,,,,,,,,,
Curt Rogers,FL,U.S. House Florida District 15,Representative,Regular,8/28/18,Lost,None,None,,No,,,,,,No,,,,,,,,
Ed Shoemaker,FL,U.S. House Florida District 15,Representative,Regular,8/28/18,Lost,None,None,5.5,No,,,,,,No,,,,,,,,
Greg Steube,FL,U.S. House Florida District 17,Representative,Regular,8/28/18,Advanced,None,On the Ballot,62.4,Yes,,,,,Yes,,,Yes,Yes,Yes,Yes,No,No,
Julio Gonzalez,FL,U.S. House Florida District 17,Representative,Regular,8/28/18,Lost,None,None,18.3,No,,,,,No,,,No,No,No,No,Yes,Yes,
Bill Akins,FL,U.S. House Florida District 17,Representative,Regular,8/28/18,Lost,None,None,19.3,No,,,,,No,No,,No,No,No,No,No,No,
Nicolas Kimaz,FL,U.S. House Florida District 22,Representative,Regular,8/28/18,Advanced,None,On the Ballot,41,Yes,,,,,,No,,,,,,,,
Javier Manjarres,FL,U.S. House Florida District 22,Representative,Regular,8/28/18,Lost,None,None,33.9,No,,,,,,Yes,,,,,,,,
Eddison Walters,FL,U.S. House Florida District 22,Representative,Regular,8/28/18,Lost,None,None,25.1,No,,,,,,No,,,,,,,,
Carla Spalding,FL,U.S. House Florida District 23,Representative,Regular,8/28/18,Lost,None,None,21.5,No,,,,,,,,,,,,,,
Joe Kaufman,FL,U.S. House Florida District 23,Representative,Regular,8/28/18,Advanced,None,On the Ballot,44.7,Yes,,,,,,,,,,,,,,
Carlos Reyes,FL,U.S. House Florida District 23,Representative,Regular,8/28/18,Lost,None,None,33.8,No,,,,,,,,,,,,,,
Bruno Barreiro,FL,U.S. House Florida District 27,Representative,Regular,8/28/18,Lost,None,None,25.7,No,Yes,,,,,No,,,,,,No,,
Maria Peiro,FL,U.S. House Florida District 27,Representative,Regular,8/28/18,Lost,None,None,8,No,No,,,,,Yes,,,,,,No,,
Bettina Rodriguez-Aguilera,FL,U.S. House Florida District 27,Representative,Regular,8/28/18,Lost,None,None,4.3,No,No,,,,,No,,,,,,No,,
Gina Sosa-Suarez,FL,U.S. House Florida District 27,Representative,Regular,8/28/18,Lost,None,None,1.9,No,No,,,,,No,,,,,,No,,
Angie Chirino,FL,U.S. House Florida District 27,Representative,Regular,8/28/18,Lost,None,None,6.9,No,No,,,,,No,,,,,,No,,
Maria Elvira Salazar,FL,U.S. House Florida District 27,Representative,Regular,8/28/18,Advanced,None,On the Ballot,40.5,Yes,Yes,,,,,No,,,,,,Yes,,
Michael Ohevzion,FL,U.S. House Florida District 27,Representative,Regular,8/28/18,Lost,None,None,3.8,No,No,,,,,No,,,,,,No,,
Elizabeth Adadi,FL,U.S. House Florida District 27,Representative,Regular,8/28/18,Lost,None,None,2,No,No,,,,,No,,,,,,No,,
Stephen Marks,FL,U.S. House Florida District 27,Representative,Regular,8/28/18,Lost,None,None,7,No,No,,,,,No,,,,,,No,,
Virginia Fuller,FL,U.S. House Florida District 5,Representative,Regular,8/28/18,Advanced,None,On the Ballot,100,Yes,,,,,,,,,,,,,,
Fred Costello,FL,U.S. House Florida District 6,Representative,Regular,8/28/18,Lost,None,None,27.2,No,,,,,,Yes,,,,,,,,
John Ward,FL,U.S. House Florida District 6,Representative,Regular,8/28/18,Lost,None,None,30.4,No,,,,,,No,,,,,,,,
Michael Waltz,FL,U.S. House Florida District 6,Representative,Regular,8/28/18,Advanced,None,On the Ballot,42.4,Yes,,,,,,No,,,,,,,,
Mike Miller,FL,U.S. House Florida District 7,Representative,Regular,8/28/18,Advanced,None,On the Ballot,53.9,Yes,Yes,,,,,No,,,,,,Yes,,
Scott Sturgill,FL,U.S. House Florida District 7,Representative,Regular,8/28/18,Lost,None,None,30.4,No,Yes,,,,,Yes,,Yes,,,,No,,
Vennia Francois,FL,U.S. House Florida District 7,Representative,Regular,8/28/18,Lost,None,None,15.8,No,No,,,,,No,,No,,,,No,,
Wayne Liebnitzky,FL,U.S. House Florida District 9,Representative,Regular,8/28/18,Advanced,None,On the Ballot,100,Yes,,,,,,,,,,,,,,
Rick Scott,FL,U.S. Senate Florida,Senator,Regular,8/28/18,Advanced,None,On the Ballot,88.6,Yes,,Yes,,,,Yes,,Yes,Yes,,,,Yes,
Roque De La Fuente,FL,U.S. Senate Florida,Senator,Regular,8/28/18,Lost,None,None,11.4,No,,No,,,,No,,No,No,,,,No,
Brian Kemp,GA,Governor of Georgia,Governor,Regular,5/22/18,Advanced,Advanced,On the Ballot,25.55,Yes,,Yes,,,No,No,,,,,,,,
Casey Cagle,GA,Governor of Georgia,Governor,Regular,5/22/18,Advanced,Lost,None,39.01,No,,No,,,Yes,No,,,,,,,,
Hunter Hill,GA,Governor of Georgia,Governor,Regular,5/22/18,Lost,None,None,18.35,No,,No,,,No,Yes,,,,,,,,
Michael Williams,GA,Governor of Georgia,Governor,Regular,5/22/18,Lost,None,None,4.88,No,,No,,,No,No,,,,,,,,
Clay Tippins,GA,Governor of Georgia,Governor,Regular,5/22/18,Lost,None,None,12.21,No,,No,,,No,No,,,,,,,,
Eddie Hayes,GA,Governor of Georgia,Governor,Regular,5/22/18,Lost,None,None,0,No,,No,,,No,No,,,,,,,,
David Callahan,GA,U.S. House Georgia District 13,Representative,Regular,5/22/18,Advanced,None,On the Ballot,93,Yes,,,,,,Yes,,,,,,,,
Femi Akinkugbe,GA,U.S. House Georgia District 13,Representative,Regular,5/22/18,Lost,None,None,7,No,,,,,,No,,,,,,,,
Herman West Jr.,GA,U.S. House Georgia District 2,Representative,Regular,5/22/18,Advanced,None,On the Ballot,100,Yes,,,,,,,,,,,,,,
Joe Profit,GA,U.S. House Georgia District 4,Representative,Regular,5/22/18,Advanced,None,On the Ballot,100,Yes,,,,,,,,,,,,,,
Andria Tupola,HI,Governor of Hawaii,Governor,Regular,8/11/18,Advanced,None,On the Ballot,55.5,Yes,,,,,,,,,,,,,,
John Carroll,HI,Governor of Hawaii,Governor,Regular,8/11/18,Lost,None,None,35.2,No,,,,,,,,,,,,,,
Ray L'Heureux,HI,Governor of Hawaii,Governor,Regular,8/11/18,Lost,None,None,9.3,No,,,,,,,,,,,,,,
Cam Cavasso,HI,U.S. House Hawaii District 1,Representative,Regular,8/11/18,Advanced,None,On the Ballot,81.8,Yes,,,,,,,,,,,,,,
Raymond Vinole,HI,U.S. House Hawaii District 1,Representative,Regular,8/11/18,Lost,None,None,18.2,No,,,,,,,,,,,,,,
Brian Evans,HI,U.S. House Hawaii District 2,Representative,Regular,8/11/18,Advanced,None,On the Ballot,100,Yes,,,,,,,,,,,,,,
Ron Curtis,HI,U.S. Senate Hawaii,Senator,Regular,8/11/18,Advanced,None,On the Ballot,23.7,Yes,,,,,,,,,,,,,,
Michael Hodgkiss,HI,U.S. Senate Hawaii,Senator,Regular,8/11/18,Lost,None,None,5.9,No,,,,,,,,,,,,,,
Consuelo Anderson,HI,U.S. Senate Hawaii,Senator,Regular,8/11/18,Lost,None,None,19.3,No,,,,,,,,,,,,,,
George Berish,HI,U.S. Senate Hawaii,Senator,Regular,8/11/18,Lost,None,None,6.2,No,,,,,,,,,,,,,,
Roque De La Fuente,HI,U.S. Senate Hawaii,Senator,Regular,8/11/18,Lost,None,None,11.4,No,,,,,,,,,,,,,,
Robert Helsham,HI,U.S. Senate Hawaii,Senator,Regular,8/11/18,Lost,None,None,14.9,No,,,,,,,,,,,,,,
Eddie Pirkowski,HI,U.S. Senate Hawaii,Senator,Regular,8/11/18,Lost,None,None,5.1,No,,,,,,,,,,,,,,
Thomas White,HI,U.S. Senate Hawaii,Senator,Regular,8/11/18,Lost,None,None,13.6,No,,,,,,,,,,,,,,
Chris Peters,IA,U.S. House Iowa District 2,Representative,Regular,6/5/18,Advanced,None,On the Ballot,100,Yes,,,,,,,,,,,,,,
Brad Little,ID,Governor of Idaho,Governor,Regular,5/15/18,Advanced,None,On the Ballot,37.29,Yes,,,,,,,,,,,,,,
Harley Brown,ID,Governor of Idaho,Governor,Regular,5/15/18,Lost,None,None,0.45,No,,,,,,,,,,,,,,
Lisa Marie,ID,Governor of Idaho,Governor,Regular,5/15/18,Lost,None,None,1.75,No,,,,,,,,,,,,,,
Raul Labrador,ID,Governor of Idaho,Governor,Regular,5/15/18,Lost,None,None,32.63,No,,,,,,,,,,,,,,
Steven Pankey,ID,Governor of Idaho,Governor,Regular,5/15/18,Lost,None,None,1.39,No,,,,,,,,,,,,,,
Tommy Ahlquist,ID,Governor of Idaho,Governor,Regular,5/15/18,Lost,None,None,26.22,No,,,,,,,,,,,,,,
Dalton Cannady,ID,Governor of Idaho,Governor,Regular,5/15/18,Lost,None,None,0.27,No,,,,,,,,,,,,,,
Russ Fulcher,ID,U.S. House Idaho District 1,Representative,Regular,5/15/18,Advanced,None,On the Ballot,43.12,Yes,,,,,,,,Yes,,Yes,,No,,
Christy Perry,ID,U.S. House Idaho District 1,Representative,Regular,5/15/18,Lost,None,None,11.19,No,,,,,,,,No,,No,,No,,
Luke Malek,ID,U.S. House Idaho District 1,Representative,Regular,5/15/18,Lost,None,None,14.26,No,,,,,,,,No,,No,,Yes,,
David Leroy,ID,U.S. House Idaho District 1,Representative,Regular,5/15/18,Lost,None,None,15.53,No,,,,,,,,No,,No,,No,,
Michael Snyder,ID,U.S. House Idaho District 1,Representative,Regular,5/15/18,Lost,None,None,10.37,No,,,,,,,,No,,No,,No,,
Nick Henderson,ID,U.S. House Idaho District 1,Representative,Regular,5/15/18,Lost,None,None,2.02,No,,,,,,,,No,,No,,No,,
Alex Gallegos,ID,U.S. House Idaho District 1,Representative,Regular,5/15/18,Lost,None,None,3.5,No,,,,,,,,No,,No,,No,,
Jimmy Lee Tillman II,IL,U.S. House Illinois District 1,Representative,Regular,3/20/18,Advanced,None,On the Ballot,100,Yes,,,,,,,,,,,,,,
Doug Bennett,IL,U.S. House Illinois District 10,Representative,Regular,3/20/18,Advanced,None,On the Ballot,36.24,Yes,Yes,,,,,,,,,,,,,
Sapan Shah,IL,U.S. House Illinois District 10,Representative,Regular,3/20/18,Lost,None,None,29.06,No,Yes,,,,,,,,,,,,,
Jeremy Wynes,IL,U.S. House Illinois District 10,Representative,Regular,3/20/18,Lost,None,None,34.7,No,Yes,,,,,,,,,,,,,
Nick Stella,IL,U.S. House Illinois District 11,Representative,Regular,3/20/18,Advanced,None,On the Ballot,79.33,Yes,,,,,,,,,,,,,,
Connor Vlakancic,IL,U.S. House Illinois District 11,Representative,Regular,3/20/18,Lost,None,None,20.67,No,,,,,,,,,,,,,,
Bill Fawell,IL,U.S. House Illinois District 17,Representative,Regular,3/20/18,Advanced,None,On the Ballot,100,Yes,,,,,,,,,,,,,,
David Merkle,IL,U.S. House Illinois District 2,Representative,Regular,3/20/18,Advanced,None,On the Ballot,36.59,Yes,,,,,,,,,,,,,,
John Morrow,IL,U.S. House Illinois District 2,Representative,Regular,3/20/18,Lost,None,None,27.94,No,,,,,,,,,,,,,,
Patrick Harmon,IL,U.S. House Illinois District 2,Representative,Regular,3/20/18,Lost,None,None,35.46,No,,,,,,,,,,,,,,
Arthur Jones,IL,U.S. House Illinois District 3,Representative,Regular,3/20/18,Advanced,None,On the Ballot,100,Yes,,,,,,,,,,,,,,
Mark Wayne Lorch,IL,U.S. House Illinois District 4,Representative,Regular,3/20/18,Advanced,None,On the Ballot,100,Yes,,,,,,,,,,,,,,
Tom Hanson,IL,U.S. House Illinois District 5,Representative,Regular,3/20/18,Advanced,None,On the Ballot,100,Yes,,,,,,,,,,,,,,
Craig Cameron,IL,U.S. House Illinois District 7,Representative,Regular,3/20/18,Advanced,None,On the Ballot,56.33,Yes,,,,,,,,,,,,,,
Jeffrey Leef,IL,U.S. House Illinois District 7,Representative,Regular,3/20/18,Lost,None,None,43.67,No,,,,,,,,,,,,,,
Jitendra Diganvker,IL,U.S. House Illinois District 8,Representative,Regular,3/20/18,Advanced,None,On the Ballot,100,Yes,,,,,,,,,,,,,,
John Elleson,IL,U.S. House Illinois District 9,Representative,Regular,3/20/18,Advanced,None,On the Ballot,40.37,Yes,,,,,,,,,,,,,,
Max Rice,IL,U.S. House Illinois District 9,Representative,Regular,3/20/18,Lost,None,None,10.15,No,,,,,,,,,,,,,,
D. Vincent Thomas Jr.,IL,U.S. House Illinois District 9,Representative,Regular,3/20/18,Lost,None,None,18.83,No,,,,,,,,,,,,,,
Sargis Sangari,IL,U.S. House Illinois District 9,Representative,Regular,3/20/18,Lost,None,None,10.15,No,,,,,,,,,,,,,,
Mark Leyva,IN,U.S. House Indiana District 1,Representative,Regular,5/8/18,Advanced,None,On the Ballot,26.99,Yes,,,,,,,,,,,,,,
John Meyer,IN,U.S. House Indiana District 1,Representative,Regular,5/8/18,Lost,None,None,19.6,No,,,,,,,,,,,,,,
Jeremy Belko,IN,U.S. House Indiana District 1,Representative,Regular,5/8/18,Lost,None,None,6.73,No,,,,,,,,,,,,,,
David Dopp,IN,U.S. House Indiana District 1,Representative,Regular,5/8/18,Lost,None,None,7.61,No,,,,,,,,,,,,,,
Roseann Ivanovich,IN,U.S. House Indiana District 1,Representative,Regular,5/8/18,Lost,None,None,19.55,No,,,,,,,,,,,,,,
Nicholas Pappas,IN,U.S. House Indiana District 1,Representative,Regular,5/8/18,Lost,None,None,19.52,No,,,,,,,,,,,,,,
Jim Baird,IN,U.S. House Indiana District 4,Representative,Regular,5/8/18,Advanced,None,On the Ballot,36.59,Yes,,,,,,Yes,,,,,,,,No
James Nease,IN,U.S. House Indiana District 4,Representative,Regular,5/8/18,Lost,None,None,2.62,No,,,,,,No,,,,,,,,
Kevin Grant,IN,U.S. House Indiana District 4,Representative,Regular,5/8/18,Lost,None,None,4.58,No,,,,,,No,,,,,,,,
Steve Braun,IN,U.S. House Indiana District 4,Representative,Regular,5/8/18,Lost,None,None,29.45,No,,,,,,Yes,,,,,,,,
Diego Morales,IN,U.S. House Indiana District 4,Representative,Regular,5/8/18,Lost,None,None,14.97,No,,,,,,Yes,,,,,,,,No
Jared Thomas,IN,U.S. House Indiana District 4,Representative,Regular,5/8/18,Lost,None,None,10.53,No,,,,,,No,,,,,,,,
Tim Radice,IN,U.S. House Indiana District 4,Representative,Regular,5/8/18,Lost,None,None,1.26,No,,,,,,No,,,,,,,,
Greg Pence,IN,U.S. House Indiana District 6,Representative,Regular,5/8/18,Advanced,None,On the Ballot,64.48,Yes,,,,Yes,,Yes,,,,,,,,
Jeff Smith,IN,U.S. House Indiana District 6,Representative,Regular,5/8/18,Lost,None,None,3.04,No,,,,No,,Yes,,,,,,,,
Mike Campbell,IN,U.S. House Indiana District 6,Representative,Regular,5/8/18,Lost,None,None,4.34,No,,,,No,,No,,,,,,,,
Stephen MacKenzie,IN,U.S. House Indiana District 6,Representative,Regular,5/8/18,Lost,None,None,4.57,No,,,,No,,No,,,,,,,,
Jonathan Lamb,IN,U.S. House Indiana District 6,Representative,Regular,5/8/18,Lost,None,None,23.56,No,,,,No,,No,,,,,,,,
Wayne Harmon,IN,U.S. House Indiana District 7,Representative,Regular,5/8/18,Advanced,None,On the Ballot,28.81,Yes,,,,,,No,,,,,,,,
J.D. Miniear,IN,U.S. House Indiana District 7,Representative,Regular,5/8/18,Lost,None,None,13.59,No,,,,,,Yes,,,,,,,,
John Couch,IN,U.S. House Indiana District 7,Representative,Regular,5/8/18,Lost,None,None,15.24,No,,,,,,No,,,,,,,,
Tony Van Pelt,IN,U.S. House Indiana District 7,Representative,Regular,5/8/18,Lost,None,None,11.3,No,,,,,,No,,,,,,,,
J. Jason Davis,IN,U.S. House Indiana District 7,Representative,Regular,5/8/18,Lost,None,None,11.9,No,,,,,,No,,,,,,,,
Donald Eason Jr.,IN,U.S. House Indiana District 7,Representative,Regular,5/8/18,Lost,None,None,19.16,No,,,,,,No,,,,,,,,
Mike Braun,IN,U.S. Senate Indiana,Senator,Regular,5/8/18,Advanced,None,On the Ballot,41.17,Yes,,,,,,Yes,,,,,,,,
Luke Messer,IN,U.S. Senate Indiana,Senator,Regular,5/8/18,Lost,None,None,28.84,No,,,,,,Yes,,,,,,,,
Todd Rokita,IN,U.S. Senate Indiana,Senator,Regular,5/8/18,Lost,None,None,29.99,No,,,,,,Yes,,,,,,,,
Caryn Tyson,KS,U.S. House Kansas District 2,Representative,Regular,8/7/18,Lost,None,None,23.2,No,Yes,,,,,Yes,Yes,,,,,,,
Kevin Jones,KS,U.S. House Kansas District 2,Representative,Regular,8/7/18,Lost,None,None,15.9,No,No,,,,,No,No,,,,,,,
Steve Fitzgerald,KS,U.S. House Kansas District 2,Representative,Regular,8/7/18,Lost,None,None,12.1,No,Yes,,,,,No,No,,,,,,,
Vernon Fields,KS,U.S. House Kansas District 2,Representative,Regular,8/7/18,Lost,None,None,2.6,No,No,,,,,No,No,,,,,,,
Steve Watkins,KS,U.S. House Kansas District 2,Representative,Regular,8/7/18,Advanced,None,On the Ballot,26.2,Yes,Yes,,,,,No,No,,,,,,,
Doug Mays,KS,U.S. House Kansas District 2,Representative,Regular,8/7/18,Lost,None,None,8.1,No,No,,,,,No,No,,,,,,,
Dennis Pyle,KS,U.S. House Kansas District 2,Representative,Regular,8/7/18,Lost,None,None,11.9,No,No,,,,,No,No,,,,,,,
Vickie Yates Glisson,KY,U.S. House Kentucky District 3,Representative,Regular,5/22/18,Advanced,None,On the Ballot,49.06,Yes,Yes,,,,,Yes,,,,,,,,
Mike Craven,KY,U.S. House Kentucky District 3,Representative,Regular,5/22/18,Lost,None,None,26.9,No,No,,,,,No,,,,,,,,
Rhonda Palazzo,KY,U.S. House Kentucky District 3,Representative,Regular,5/22/18,Lost,None,None,24.05,No,No,,,,,No,,,,,,,,
Liz Matory,MD,U.S. House Maryland District 2,Representative,Regular,6/26/18,Advanced,None,On the Ballot,42.01,Yes,,,,,,Yes,,,,,,,,
Mark Shell,MD,U.S. House Maryland District 2,Representative,Regular,6/26/18,Lost,None,None,23.6,No,,,,,,No,,,,,,,,
Hubert Owens Jr.,MD,U.S. House Maryland District 2,Representative,Regular,6/26/18,Lost,None,None,17.07,No,,,,,,No,,,,,,,,
Mitchell Toland Jr.,MD,U.S. House Maryland District 2,Representative,Regular,6/26/18,Lost,None,None,17.32,No,,,,,,No,,,,,,,,
Charles Anthony,MD,U.S. House Maryland District 3,Representative,Regular,6/26/18,Advanced,None,On the Ballot,43.59,Yes,,,,,,No,,,,,,,,
Thomas Harris,MD,U.S. House Maryland District 3,Representative,Regular,6/26/18,Lost,None,None,35.96,No,,,,,,No,,,,,,,,
Rob Seyfferth,MD,U.S. House Maryland District 3,Representative,Regular,6/26/18,Lost,None,None,20.45,No,,,,,,No,,,,,,,,
George McDermott,MD,U.S. House Maryland District 4,Representative,Regular,6/26/18,Advanced,None,On the Ballot,100,Yes,,,,,,,,,,,,,,
William Devine III,MD,U.S. House Maryland District 5,Representative,Regular,6/26/18,Advanced,None,On the Ballot,57.56,Yes,,,,,,,,,,,,,,
Johnny Rice,MD,U.S. House Maryland District 5,Representative,Regular,6/26/18,Lost,None,None,42.44,No,,,,,,,,,,,,,,
Amie Hoeber,MD,U.S. House Maryland District 6,Representative,Regular,6/26/18,Advanced,None,On the Ballot,67.76,Yes,Yes,,,,,No,,,,,,,,
Lisa Lloyd,MD,U.S. House Maryland District 6,Representative,Regular,6/26/18,Lost,None,None,17.81,No,No,,,,,No,,,,,,,,
Brad Rohrs,MD,U.S. House Maryland District 6,Representative,Regular,6/26/18,Lost,None,None,5.68,No,No,,,,,Yes,,,,,,,,
Kurt Elsasser,MD,U.S. House Maryland District 6,Representative,Regular,6/26/18,Lost,None,None,8.75,No,No,,,,,No,,,,,,,,
Ray Bly,MD,U.S. House Maryland District 7,Representative,Regular,6/26/18,Lost,None,None,16.52,No,,,,,,No,,,,,,,,
William Newton,MD,U.S. House Maryland District 7,Representative,Regular,6/26/18,Lost,None,None,22.33,No,,,,,,Yes,,,,,,,,
Richmond Davis,MD,U.S. House Maryland District 7,Representative,Regular,6/26/18,On the Ballot,None,None,31.29,No,,,,,,No,,,,,,,,
Michael Pearson,MD,U.S. House Maryland District 7,Representative,Regular,6/26/18,On the Ballot,None,None,29.86,No,,,,,,No,,,,,,,,
John Walsh,MD,U.S. House Maryland District 8,Representative,Regular,6/26/18,Advanced,None,On the Ballot,44.87,Yes,,,,,,,,,,,,,,
Bridgette Cooper,MD,U.S. House Maryland District 8,Representative,Regular,6/26/18,Lost,None,None,31.28,No,,,,,,,,,,,,,,
Victor Williams,MD,U.S. House Maryland District 8,Representative,Regular,6/26/18,Lost,None,None,23.85,No,,,,,,,,,,,,,,
Tony Campbell,MD,U.S. Senate Maryland,Senator,Regular,6/26/18,Advanced,None,On the Ballot,29.22,Yes,,,,,,Yes,,,,,,,,
Blaine Taylor,MD,U.S. Senate Maryland,Senator,Regular,6/26/18,Lost,None,None,5.03,No,,,,,,No,,,,,,,,
Brian Vaeth,MD,U.S. Senate Maryland,Senator,Regular,6/26/18,Lost,None,None,3.07,No,,,,,,No,,,,,,,,
Chris Chaffee,MD,U.S. Senate Maryland,Senator,Regular,6/26/18,Lost,None,None,24.05,No,,,,,,No,,,,,,,,
John Graziani,MD,U.S. Senate Maryland,Senator,Regular,6/26/18,Lost,None,None,8.77,No,,,,,,No,,,,,,,,
Nnabu Eze,MD,U.S. Senate Maryland,Senator,Regular,6/26/18,Lost,None,None,1.96,No,,,,,,No,,,,,,,,
Evan Cronhardt,MD,U.S. Senate Maryland,Senator,Regular,6/26/18,Lost,None,None,2.53,No,,,,,,No,,,,,,,,
Christina Grigorian,MD,U.S. Senate Maryland,Senator,Regular,6/26/18,Lost,None,None,17.48,No,,,,,,No,,,,,,,,
Bill Krehnbrink,MD,U.S. Senate Maryland,Senator,Regular,6/26/18,Lost,None,None,2.05,No,,,,,,No,,,,,,,,
Gerald Smith,MD,U.S. Senate Maryland,Senator,Regular,6/26/18,Lost,None,None,4.3,No,,,,,,No,,,,,,,,
Albert Howard,MD,U.S. Senate Maryland,Senator,Regular,6/26/18,Lost,None,None,1.55,No,,,,,,No,,,,,,,,
Shawn Moody,ME,Governor of Maine,Governor,Regular,6/12/18,Advanced,None,On the Ballot,52.6,Yes,,,,,,,,,,,,,,
Garrett Mason,ME,Governor of Maine,Governor,Regular,6/12/18,Lost,None,None,21.23,No,,,,,,,,,,,,,,
Mary Mayhew,ME,Governor of Maine,Governor,Regular,6/12/18,Lost,None,None,13.82,No,,,,,,,,,,,,,,
Kenneth Fredette,ME,Governor of Maine,Governor,Regular,6/12/18,Lost,None,None,5.26,No,,,,,,,,,,,,,,
Eric Brakey,ME,U.S. Senate Maine,Senator,Regular,6/12/18,Advanced,None,On the Ballot,100,Yes,,,,,,,,,,,,,,
Kevin Powers,MA,U.S. House Massachusetts District 2,Representative,Regular,9/4/18,Lost,None,None,39.2,No,,,,,,,,,,,,,,
Tracy Lovvorn,MA,U.S. House Massachusetts District 2,Representative,Regular,9/4/18,Advanced,None,On the Ballot,60.8,Yes,,,,,,,,,,,,,,
Rick Green,MA,U.S. House Massachusetts District 3,Representative,Regular,9/4/18,Advanced,None,On the Ballot,100,Yes,Yes,,,,,,,,Yes,,,,,
John Hugo,MA,U.S. House Massachusetts District 5,Representative,Regular,9/4/18,Advanced,None,On the Ballot,63.7,Yes,,,,,,Yes,,,,,,,,
Louis Kuchnir,MA,U.S. House Massachusetts District 5,Representative,Regular,9/4/18,Lost,None,None,36.3,No,,,,,,No,,,,,,,,
Joseph Schneider,MA,U.S. House Massachusetts District 6,Representative,Regular,9/4/18,Advanced,None,On the Ballot,100,Yes,,,,,,,,,,,,,,
Peter Tedeschi,MA,U.S. House Massachusetts District 9,Representative,Regular,9/4/18,Advanced,None,On the Ballot,100,Yes,Yes,,,,,,,,,,,,,
Geoff Diehl,MA,U.S. Senate Massachusetts,Senator,Regular,9/4/18,Advanced,None,On the Ballot,55.3,Yes,,,,,Yes,,,,,,,,,
John Kingston,MA,U.S. Senate Massachusetts,Senator,Regular,9/4/18,Lost,None,None,26.7,No,,,,,No,,,,,,,,,
Beth Lindstrom,MA,U.S. Senate Massachusetts,Senator,Regular,9/4/18,Lost,None,None,17.9,No,,,,,No,,,,,,,,,
Jim Hines,MI,Governor of Michigan,Governor,Regular,8/7/18,Lost,None,None,11,No,,No,,,,Yes,No,,,,,,No,
Brian Calley,MI,Governor of Michigan,Governor,Regular,8/7/18,Lost,None,None,25.2,No,,No,,,,Yes,No,,,,,,No,
Patrick Colbeck,MI,Governor of Michigan,Governor,Regular,8/7/18,Lost,None,None,13.1,No,,No,,,,Yes,No,,,,,,No,
"William Duncan ""Bill"" Schuette",MI,Governor of Michigan,Governor,Regular,8/7/18,Advanced,None,On the Ballot,50.7,Yes,,Yes,,,,Yes,No,,,,,,Yes,
Kerry Bentivolio,MI,U.S. House Michigan District 11,Representative,Regular,8/7/18,Lost,None,None,11.3,No,,,,,,Yes,No,,No,,,,,
Klint Kesto,MI,U.S. House Michigan District 11,Representative,Regular,8/7/18,Lost,None,None,14,No,Yes,,,,,Yes,No,,No,,,,,
Mike Kowall,MI,U.S. House Michigan District 11,Representative,Regular,8/7/18,Lost,None,None,18.6,No,Yes,,,,,Yes,No,,No,,,,,
Rocky Raczkowski,MI,U.S. House Michigan District 11,Representative,Regular,8/7/18,Lost,None,None,25.4,No,Yes,,,,,Yes,No,,No,,,,,
Lena Epstein,MI,U.S. House Michigan District 11,Representative,Regular,8/7/18,Advanced,None,On the Ballot,30.7,Yes,Yes,,,,,Yes,Yes,,Yes,,,,,
Jeff Jones,MI,U.S. House Michigan District 12,Representative,Regular,8/7/18,Advanced,None,On the Ballot,100,Yes,,,,,,,,,No,,,,,
Marc Herschfus,MI,U.S. House Michigan District 14,Representative,Regular,8/7/18,Advanced,None,On the Ballot,100,Yes,,,,,,,,,No,,,,,
Travis Wines,MI,U.S. House Michigan District 5,Representative,Regular,8/7/18,Advanced,None,On the Ballot,100,Yes,,,,,,,,,No,,,,,
Candius Stearns,MI,U.S. House Michigan District 9,Representative,Regular,8/7/18,Advanced,None,On the Ballot,100,Yes,Yes,,,,,Yes,Yes,,No,,,,,
John James,MI,U.S. Senate Michigan,Senator,Regular,8/7/18,Advanced,None,On the Ballot,54.7,Yes,,Yes,,,,Yes,Yes,,,,,,Yes,
Sandy Pensler,MI,U.S. Senate Michigan,Senator,Regular,8/7/18,Lost,None,None,45.3,No,,No,,,,No,No,,,,,,No,
Jeff Johnson,MN,Governor of Minnesota,Governor,Regular,8/14/18,Advanced,None,On the Ballot,52.6,Yes,,,,,,,,,,,,,No,
Tim Pawlenty,MN,Governor of Minnesota,Governor,Regular,8/14/18,Lost,None,None,43.9,No,,,,,,,,,,,,,Yes,
Matt Kruse,MN,Governor of Minnesota,Governor,Regular,8/14/18,Lost,None,None,3.5,No,,,,,,,,,,,,,No,
Jim Hagedorn,MN,U.S. House Minnesota District 1,Representative,Regular,8/14/18,Advanced,None,On the Ballot,60.2,Yes,Yes,,,,,,No,,,,,,,
Carla Nelson,MN,U.S. House Minnesota District 1,Representative,Regular,8/14/18,Lost,None,None,32.1,No,Yes,,,,,,Yes,,,,,,,
Andrew Candler,MN,U.S. House Minnesota District 1,Representative,Regular,8/14/18,Lost,None,None,2.6,No,No,,,,,,No,,,,,,,
Steve Williams,MN,U.S. House Minnesota District 1,Representative,Regular,8/14/18,Lost,None,None,5.1,No,No,,,,,,No,,,,,,,
Greg Ryan,MN,U.S. House Minnesota District 4,Representative,Regular,8/14/18,Advanced,None,On the Ballot,100,Yes,,,,,,,,,,,,,,
Jennifer Zielinski,MN,U.S. House Minnesota District 5,Representative,Regular,8/14/18,Advanced,None,On the Ballot,56.5,Yes,,,,,,,,,,,,,,
Christopher Chamberlin,MN,U.S. House Minnesota District 5,Representative,Regular,8/14/18,Lost,None,None,32.5,No,,,,,,,,,,,,,,
Bob Carney Jr.,MN,U.S. House Minnesota District 5,Representative,Regular,8/14/18,Lost,None,None,11,No,,,,,,,,,,,,,,
Dave Hughes,MN,U.S. House Minnesota District 7,Representative,Regular,8/14/18,Advanced,None,On the Ballot,72.6,Yes,,,,,,,,,,,,,,
Matt Prosch,MN,U.S. House Minnesota District 7,Representative,Regular,8/14/18,Lost,None,None,27.4,No,,,,,,,,,,,,,,
Pete Stauber,MN,U.S. House Minnesota District 8,Representative,Regular,8/14/18,Advanced,None,On the Ballot,89.7,Yes,Yes,Yes,,,,,,,Yes,,,,,
Harry Welty,MN,U.S. House Minnesota District 8,Representative,Regular,8/14/18,Lost,None,None,10.3,No,No,No,,,,,,,No,,,,,
Jim Newberger,MN,U.S. Senate Minnesota,Senator,Regular,8/14/18,Advanced,None,On the Ballot,69.5,Yes,,,,,,No,No,,,,,,,
Karin Housley,MN,U.S. Senate Minnesota,Senator,Special,8/14/18,Advanced,None,On the Ballot,62,Yes,,,,,,Yes,Yes,,,,,,,
Merrill Anderson,MN,U.S. Senate Minnesota,Senator,Regular,8/14/18,Lost,None,None,15.7,No,,,,,,No,No,,,,,,,
Bob Anderson,MN,U.S. Senate Minnesota,Senator,Special,8/14/18,Lost,None,None,35.6,No,,,,,,No,No,,,,,,,
Roque De La Fuente,MN,U.S. Senate Minnesota,Senator,Regular,8/14/18,Lost,None,None,5.9,No,,,,,,No,No,,,,,,,
Rae Hart Anderson,MN,U.S. Senate Minnesota,Senator,Regular,8/14/18,Lost,None,None,5.9,No,,,,,,No,No,,,,,,,
Nikolay Nikolayevich Bey,MN,U.S. Senate Minnesota,Senator,Special,8/14/18,Lost,None,None,2.5,No,,,,,,No,No,,,,,,,
Camille Lombardi-Olive,MO,U.S. House Missouri District 1,Representative,Regular,8/7/18,Lost,None,None,32.6,No,,,,,,,,,,,,,,
Edward Van Deventer Jr.,MO,U.S. House Missouri District 1,Representative,Regular,8/7/18,Lost,None,None,32.9,No,,,,,,,,,,,,,,
Robert Vroman,MO,U.S. House Missouri District 1,Representative,Regular,8/7/18,Advanced,None,On the Ballot,34.5,Yes,,,,,,,,,,,,,,
Kress Cambers,MO,U.S. House Missouri District 5,Representative,Regular,8/7/18,Lost,None,None,17.6,No,,,,,,No,,,,,,,,
Richonda Oaks,MO,U.S. House Missouri District 5,Representative,Regular,8/7/18,Lost,None,None,7.3,No,,,,,,No,,,,,,,,
Jacob Turk,MO,U.S. House Missouri District 5,Representative,Regular,8/7/18,Advanced,None,On the Ballot,75.1,Yes,,,,,,Yes,,,,,,,,
Austin Petersen,MO,U.S. Senate Missouri,Senator,Regular,8/7/18,Lost,None,None,8.3,No,,No,No,No,,No,,No,No,,,,,
Josh Hawley,MO,U.S. Senate Missouri,Senator,Regular,8/7/18,Advanced,None,On the Ballot,58.6,Yes,,Yes,Yes,Yes,,Yes,,Yes,Yes,,,,,
Tony Monetti,MO,U.S. Senate Missouri,Senator,Regular,8/7/18,Lost,None,None,9.8,No,,No,No,No,,No,,No,No,,,,,
Courtland Sykes,MO,U.S. Senate Missouri,Senator,Regular,8/7/18,Lost,None,None,2.1,No,,No,No,No,,No,,No,No,,,,,
Brian Hagg,MO,U.S. Senate Missouri,Senator,Regular,8/7/18,Lost,None,None,1,No,,No,No,No,,No,,No,No,,,,,
Ken Patterson,MO,U.S. Senate Missouri,Senator,Regular,8/7/18,Lost,None,None,2.9,No,,No,No,No,,No,,No,No,,,,,
Peter Pfeifer,MO,U.S. Senate Missouri,Senator,Regular,8/7/18,Lost,None,None,2.5,No,,No,No,No,,No,,No,No,,,,,
Christina Smith,MO,U.S. Senate Missouri,Senator,Regular,8/7/18,Lost,None,None,5.3,No,,No,No,No,,No,,No,No,,,,,
Bradley Krembs,MO,U.S. Senate Missouri,Senator,Regular,8/7/18,Lost,None,None,0.7,No,,No,No,No,,No,,No,No,,,,,
Kristi Nichols,MO,U.S. Senate Missouri,Senator,Regular,8/7/18,Lost,None,None,7.5,No,,No,No,No,,No,,No,No,,,,,
Fred Ryman,MO,U.S. Senate Missouri,Senator,Regular,8/7/18,Lost,None,None,1.3,No,,No,No,No,,No,,No,No,,,,,
Whit Hughes,MS,U.S. House Mississippi District 3,Representative,Regular,6/5/18,Advanced,Lost,None,22.24,No,,,,,,,,,,,Yes,,,
Michael Guest,MS,U.S. House Mississippi District 3,Representative,Regular,6/5/18,Advanced,Advanced,On the Ballot,44.84,Yes,,,,,,,,,,,No,,,
Sally Doty,MS,U.S. House Mississippi District 3,Representative,Regular,6/5/18,Lost,None,None,10.16,No,,,,,,,,,,,No,,,
Perry Parker,MS,U.S. House Mississippi District 3,Representative,Regular,6/5/18,Lost,None,None,16.24,No,,,,,,,,,,,No,,,
Morgan Dunn,MS,U.S. House Mississippi District 3,Representative,Regular,6/5/18,Lost,None,None,5.87,No,,,,,,,,,,,No,,,
Katherine Tate,MS,U.S. House Mississippi District 3,Representative,Regular,6/5/18,Lost,None,None,0.64,No,,,,,,,,,,,No,,,
Matt Rosendale,MT,U.S. Senate Montana,Senator,Regular,6/5/18,Advanced,None,On the Ballot,33.82,Yes,,,Yes,Yes,,,,Yes,,,Yes,,,
Albert Olszewski,MT,U.S. Senate Montana,Senator,Regular,6/5/18,Lost,None,None,18.7,No,,,No,No,,,,No,,,No,,,
Russell C. Fagg,MT,U.S. Senate Montana,Senator,Regular,6/5/18,Lost,None,None,28.34,No,,,No,No,,,,No,,,No,,,
Troy Downing,MT,U.S. Senate Montana,Senator,Regular,6/5/18,Lost,None,None,19.12,No,,,No,No,,,,No,,,No,,,
Roger Allison,NC,U.S. House North Carolina District 1,Representative,Regular,5/8/18,Advanced,None,On the Ballot,100,Yes,,,,,,,,,,,,,,
Paul Wright,NC,U.S. House North Carolina District 12,Representative,Regular,5/8/18,Advanced,None,On the Ballot,43.21,Yes,,,,,,,,,,,,,,
Paul Bonham,NC,U.S. House North Carolina District 12,Representative,Regular,5/8/18,Lost,None,None,31.51,No,,,,,,,,,,,,,,
Carl Persson,NC,U.S. House North Carolina District 12,Representative,Regular,5/8/18,Lost,None,None,25.29,No,,,,,,,,,,,,,,
Steve Von Loor,NC,U.S. House North Carolina District 4,Representative,Regular,5/8/18,Advanced,None,On the Ballot,100,Yes,,,,,,,,,,,,,,
Kelly Armstrong,ND,U.S. House North Dakota At-large District,Representative,Regular,6/12/18,Advanced,None,On the Ballot,56.22,Yes,,,,,,,,,,,,,,
Tom Campbell,ND,U.S. House North Dakota At-large District,Representative,Regular,6/12/18,Lost,None,None,26.87,No,,,,,,,,,,,,,,
Tiffany Abentroth,ND,U.S. House North Dakota At-large District,Representative,Regular,6/12/18,Lost,None,None,8.91,No,,,,,,,,,,,,,,
Paul Schaffner,ND,U.S. House North Dakota At-large District,Representative,Regular,6/12/18,Lost,None,None,7.89,No,,,,,,,,,,,,,,
Kevin Cramer,ND,U.S. Senate North Dakota,Senator,Regular,6/12/18,Advanced,None,On the Ballot,87.73,Yes,,Yes,,,,Yes,,,,,,,,
Thomas O'Neill,ND,U.S. Senate North Dakota,Senator,Regular,6/12/18,Lost,None,None,12.13,No,,No,,,,No,,,,,,,,
Andy Martin,NH,U.S. House New Hampshire District 1,Representative,Regular,9/11/18,Lost,None,None,4.2,No,No,,,,No,,,,,,,,,
Andy Sanborn,NH,U.S. House New Hampshire District 1,Representative,Regular,9/11/18,Lost,None,None,41.6,No,Yes,,,,Yes,,,,,,,,,
Eddie Edwards,NH,U.S. House New Hampshire District 1,Representative,Regular,9/11/18,Advanced,None,On the Ballot,48,Yes,Yes,,,,No,,,,,,,,,
Bruce Crochetiere,NH,U.S. House New Hampshire District 1,Representative,Regular,9/11/18,Lost,None,None,1.6,No,No,,,,No,,,,,,,,,
Michael Callis,NH,U.S. House New Hampshire District 1,Representative,Regular,9/11/18,Lost,None,None,2.6,No,No,,,,No,,,,,,,,,
Lynne Blankenbeker,NH,U.S. House New Hampshire District 2,Representative,Regular,9/11/18,Lost,None,None,22.9,No,No,,,,,,Yes,,,,,,,
Steve Negron,NH,U.S. House New Hampshire District 2,Representative,Regular,9/11/18,Advanced,None,On the Ballot,26,Yes,Yes,,,,,,No,,,,,,,
Stewart Levenson,NH,U.S. House New Hampshire District 2,Representative,Regular,9/11/18,Lost,None,None,25.3,No,Yes,,,,,,No,,,,,,,
Brian Belanger,NH,U.S. House New Hampshire District 2,Representative,Regular,9/11/18,Lost,None,None,5.6,No,No,,,,,,No,,,,,,,
Bob Burns,NH,U.S. House New Hampshire District 2,Representative,Regular,9/11/18,Lost,None,None,15.9,No,No,,,,,,No,,,,,,,
Gerard Beloin,NH,U.S. House New Hampshire District 2,Representative,Regular,9/11/18,Lost,None,None,1.5,No,No,,,,,,No,,,,,,,
Jay Mercer,NH,U.S. House New Hampshire District 2,Representative,Regular,9/11/18,Lost,None,None,2.9,No,No,,,,,,No,,,,,,,
Paul Dilks,NJ,U.S. House New Jersey District 1,Representative,Regular,6/5/18,Advanced,None,On the Ballot,100,Yes,,,,,,,,,,,,,,
Agha Khan,NJ,U.S. House New Jersey District 10,Representative,Regular,6/5/18,Advanced,None,On the Ballot,100,Yes,,,,,,,,,,,,,,
Jay Webber,NJ,U.S. House New Jersey District 11,Representative,Regular,6/5/18,Advanced,None,On the Ballot,40.04,Yes,Yes,,,,,,Yes,,,,,,,
Martin Hewitt,NJ,U.S. House New Jersey District 11,Representative,Regular,6/5/18,Lost,None,None,3.48,No,No,,,,,No,No,,,,,,,
Antony Ghee,NJ,U.S. House New Jersey District 11,Representative,Regular,6/5/18,Lost,None,None,21.93,No,Yes,,,,,No,No,,,,,,,
Patrick Allocco,NJ,U.S. House New Jersey District 11,Representative,Regular,6/5/18,Lost,None,None,4.1,No,No,,,,,No,No,,,,,,,
Peter de Neufville,NJ,U.S. House New Jersey District 11,Representative,Regular,6/5/18,Lost,None,None,30.45,No,Yes,,,,,No,No,,,,,,,
Daryl Kipnis,NJ,U.S. House New Jersey District 12,Representative,Regular,6/5/18,Advanced,None,On the Ballot,100,Yes,,,,,,No,,,,,,,,
Seth Grossman,NJ,U.S. House New Jersey District 2,Representative,Regular,6/5/18,Advanced,None,On the Ballot,39.05,Yes,,,,,,No,,,,,,,,
Samuel Fiocchi,NJ,U.S. House New Jersey District 2,Representative,Regular,6/5/18,Lost,None,None,23.35,No,,,,,,No,,,,,,,,
Hirsh Singh,NJ,U.S. House New Jersey District 2,Representative,Regular,6/5/18,Lost,None,None,30.52,No,,,,,,No,,,,,,,,
Robert Turkavage,NJ,U.S. House New Jersey District 2,Representative,Regular,6/5/18,Lost,None,None,7.09,No,,,,,,No,,,,,,,,
John McCann,NJ,U.S. House New Jersey District 5,Representative,Regular,6/5/18,Advanced,None,On the Ballot,53.05,Yes,Yes,,,,,No,,,,,No,,,
Steve Lonegan,NJ,U.S. House New Jersey District 5,Representative,Regular,6/5/18,Lost,None,None,46.95,No,Yes,,,,,Yes,,,,,Yes,,,
Rich Pezzullo,NJ,U.S. House New Jersey District 6,Representative,Regular,6/5/18,Advanced,None,On the Ballot,100,Yes,,,,,,,,,,,,,,
John Muniz,NJ,U.S. House New Jersey District 8,Representative,Regular,6/5/18,Advanced,None,On the Ballot,100,Yes,,,,,,,,,,,,,,
Eric Fisher,NJ,U.S. House New Jersey District 9,Representative,Regular,6/5/18,Advanced,None,On the Ballot,100,Yes,,,,,,,,,,,,,,
Bob Hugin,NJ,U.S. Senate New Jersey,Senator,Regular,6/5/18,Advanced,None,On the Ballot,75.13,Yes,,,,,,,,,,,,,,
Brian Goldberg,NJ,U.S. Senate New Jersey,Senator,Regular,6/5/18,Lost,None,None,24.87,No,,,,,,,,,,,,,,
Steve Pearce,NM,Governor of New Mexico,Governor,Regular,6/5/18,Advanced,None,On the Ballot,100,Yes,,,,,,,,,,,,,,
Janice Arnold-Jones,NM,U.S. House New Mexico District 1,Representative,Regular,6/5/18,Advanced,None,On the Ballot,100,Yes,,,,,,,,,,,,,,
Yvette Herrell,NM,U.S. House New Mexico District 2,Representative,Regular,6/5/18,Advanced,None,On the Ballot,49,Yes,Yes,,,,Yes,,Yes,,,Yes,,,,
Monty Newman,NM,U.S. House New Mexico District 2,Representative,Regular,6/5/18,Lost,None,None,32.03,No,Yes,,,,No,,No,,,No,,,,
Gavin Clarkson,NM,U.S. House New Mexico District 2,Representative,Regular,6/5/18,Lost,None,None,12.42,No,,,,,No,,No,,,No,,,,
Clayburn Griffin,NM,U.S. House New Mexico District 2,Representative,Regular,6/5/18,Lost,None,None,6.55,No,,,,,No,,No,,,No,,,,
Jerald Steve McFall,NM,U.S. House New Mexico District 3,Representative,Regular,6/5/18,Advanced,None,On the Ballot,100,Yes,,,,,,,,,,,,,,
Mick Rich,NM,U.S. Senate New Mexico,Senator,Regular,6/5/18,Advanced,None,On the Ballot,100,Yes,,,,,,,,,,,,,,
Adam Laxalt,NV,Governor of Nevada,Governor,Regular,6/12/18,Advanced,None,On the Ballot,71.49,Yes,,Yes,,,Yes,,,,Yes,,,,,
Dan Schwartz,NV,Governor of Nevada,Governor,Regular,6/12/18,Lost,None,None,9.09,No,,No,,,No,,,,No,,,,,
Frederick Conquest,NV,Governor of Nevada,Governor,Regular,6/12/18,Lost,None,None,0.54,No,,No,,,No,,,,No,,,,,
Stephanie Carlisle,NV,Governor of Nevada,Governor,Regular,6/12/18,Lost,None,None,4.5,No,,No,,,No,,,,No,,,,,
Jared Fisher,NV,Governor of Nevada,Governor,Regular,6/12/18,Lost,None,None,4.71,No,,No,,,No,,,,No,,,,,
Bill Boyd,NV,Governor of Nevada,Governor,Regular,6/12/18,Lost,None,None,4.24,No,,No,,,No,,,,No,,,,,
Edward Dundas,NV,Governor of Nevada,Governor,Regular,6/12/18,Lost,None,None,0.41,No,,No,,,No,,,,No,,,,,
Stan Lusak,NV,Governor of Nevada,Governor,Regular,6/12/18,Lost,None,None,0.71,No,,No,,,No,,,,No,,,,,
Joyce Bentley,NV,U.S. House Nevada District 1,Representative,Regular,6/12/18,Advanced,None,On the Ballot,55.18,Yes,,,,,,,,,,,,,,
Freddy Horne,NV,U.S. House Nevada District 1,Representative,Regular,6/12/18,Lost,None,None,44.82,No,,,,,,,,,,,,,,
Danny Tarkanian,NV,U.S. House Nevada District 3,Representative,Regular,6/12/18,Advanced,None,On the Ballot,44.13,Yes,,Yes,Yes,,No,Yes,,,,,,,,
Annette Teijeiro,NV,U.S. House Nevada District 3,Representative,Regular,6/12/18,Lost,None,None,3.54,No,,,No,,No,No,,,,,,,,
Eddie Hamilton,NV,U.S. House Nevada District 3,Representative,Regular,6/12/18,Lost,None,None,1.04,No,,,No,,No,No,,,,,,,,
Scott Hammond,NV,U.S. House Nevada District 3,Representative,Regular,6/12/18,Lost,None,None,16.79,No,,,No,,Yes,No,,,,,,,,
Patrick Carter,NV,U.S. House Nevada District 3,Representative,Regular,6/12/18,Lost,None,None,2.72,No,,,No,,No,No,,,,,,,,
David McKeon,NV,U.S. House Nevada District 3,Representative,Regular,6/12/18,Lost,None,None,4.91,No,,,No,,No,No,,,,,,,,
Michelle Mortensen,NV,U.S. House Nevada District 3,Representative,Regular,6/12/18,Lost,None,None,24.56,No,,,No,,No,No,,,,,,,,
Stephanie Jones,NV,U.S. House Nevada District 3,Representative,Regular,6/12/18,Lost,None,None,1.3,No,,,No,,No,No,,,,,,,,
Thomas Mark La Croix,NV,U.S. House Nevada District 3,Representative,Regular,6/12/18,Lost,None,None,1,No,,,No,,No,No,,,,,,,,
Cresent Hardy,NV,U.S. House Nevada District 4,Representative,Regular,6/12/18,Advanced,None,On the Ballot,47.41,Yes,Yes,,,,,,,,Yes,,,Yes,,
Jeff Miller,NV,U.S. House Nevada District 4,Representative,Regular,6/12/18,Lost,None,None,7.96,No,No,,,,,,,,No,,,No,,
Kenneth Wegner,NV,U.S. House Nevada District 4,Representative,Regular,6/12/18,Lost,None,None,11.27,No,No,,,,,,,,No,,,No,,
Mike Monroe,NV,U.S. House Nevada District 4,Representative,Regular,6/12/18,Lost,None,None,3.02,No,No,,,,,,,,No,,,No,,
Bill Townsend,NV,U.S. House Nevada District 4,Representative,Regular,6/12/18,Lost,None,None,11.37,No,No,,,,,,,,No,,,No,,
David Gibbs,NV,U.S. House Nevada District 4,Representative,Regular,6/12/18,Lost,None,None,18.96,No,No,,,,,,,,No,,,No,,
Marcus Molinaro,NY,Governor of New York,Governor,Regular,9/13/18,Advanced,None,On the Ballot,100,Yes,,,,,,,,,,,,,,
Naomi Levin,NY,U.S. House New York District 10,Representative,Regular,6/26/18,Advanced,None,On the Ballot,100,Yes,,,,,,,,,,,,,,
Eliot Rabin,NY,U.S. House New York District 12,Representative,Regular,6/26/18,Advanced,None,On the Ballot,100,Yes,,,,,,,,,,,,,,
Jineea Butler,NY,U.S. House New York District 13,Representative,Regular,6/26/18,Advanced,None,On the Ballot,100,Yes,,,,,,,,,,,,,,
Anthony Pappas,NY,U.S. House New York District 14,Representative,Regular,6/26/18,Advanced,None,On the Ballot,100,Yes,,,,,,,,,,,,,,
Jason Gonzalez,NY,U.S. House New York District 15,Representative,Regular,6/26/18,Advanced,None,On the Ballot,100,Yes,,,,,,,,,,,,,,
James O'Donnell,NY,U.S. House New York District 18,Representative,Regular,6/26/18,Advanced,None,On the Ballot,100,Yes,Yes,,,,,,,,,,,,,
Joe Vitollo,NY,U.S. House New York District 20,Representative,Regular,6/26/18,Advanced,None,On the Ballot,100,Yes,,,,,,,,,,,,,,
James Maxwell,NY,U.S. House New York District 25,Representative,Regular,6/26/18,Advanced,None,On the Ballot,100,Yes,Yes,,,,,,,,,,,,,
Renee Zeno,NY,U.S. House New York District 26,Representative,Regular,6/26/18,Advanced,None,On the Ballot,100,Yes,,,,,,,,,,,,,,
Dan DeBono,NY,U.S. House New York District 3,Representative,Regular,6/26/18,Advanced,None,On the Ballot,100,Yes,Yes,,,,,,,,,,,,,
Ameer Benno,NY,U.S. House New York District 4,Representative,Regular,6/26/18,Advanced,None,On the Ballot,100,Yes,,,,,,,,,,,,,,
Lutchi Gayot,NY,U.S. House New York District 9,Representative,Regular,6/26/18,Advanced,None,On the Ballot,100,Yes,,,,,,,,,,,,,,
Chele Farley,NY,U.S. Senate New York,Senator,Regular,6/26/18,Advanced,None,On the Ballot,100,Yes,,,,,,,,,,,,,,
Richard Michael DeWine,OH,Governor of Ohio,Governor,Regular,5/8/18,Advanced,None,On the Ballot,59.84,Yes,,,,,,Yes,,,,,,,,
Mary Taylor,OH,Governor of Ohio,Governor,Regular,5/8/18,Lost,None,None,40.16,No,,,,,,No,,,,,,,,
Beverly Goldstein,OH,U.S. House Ohio District 11,Representative,Regular,5/8/18,Advanced,None,On the Ballot,52.55,Yes,,,,,,,,,,,,,,
Gregory Dunham,OH,U.S. House Ohio District 11,Representative,Regular,5/8/18,Lost,None,None,47.45,No,,,,,,,,,,,,,,
Troy Balderson,OH,U.S. House Ohio District 12,Representative,Regular,5/8/18,Advanced,None,On the Ballot,28.72,Yes,,,,,,Yes,No,No,,No,,Yes,,
Jon Halverstadt,OH,U.S. House Ohio District 12,Representative,Regular,5/8/18,Lost,None,None,1.66,No,,,,,,No,No,No,,No,,No,,
Troy Balderson,OH,U.S. House Ohio District 12,Representative,Special,5/8/18,Advanced,None,On the Ballot,29.22,Yes,,,,,,Yes,No,No,,No,,Yes,,
Jon Halverstadt,OH,U.S. House Ohio District 12,Representative,Special,5/8/18,Lost,None,None,1.45,No,,,,,,No,No,No,,No,,No,,
John Adams,OH,U.S. House Ohio District 12,Representative,Regular,5/8/18,Lost,None,None,0.91,No,,,,,,No,No,No,,No,,No,,
Kevin Bacon,OH,U.S. House Ohio District 12,Representative,Regular,5/8/18,Lost,None,None,14.26,No,,,,,,No,No,No,,No,,No,,
Pat Manley,OH,U.S. House Ohio District 12,Representative,Regular,5/8/18,Lost,None,None,1.16,No,,,,,,No,No,No,,No,,No,,
Carol O'Brien,OH,U.S. House Ohio District 12,Representative,Regular,5/8/18,Lost,None,None,6.48,No,,,,,,No,No,No,,No,,No,,
Tim Kane,OH,U.S. House Ohio District 12,Representative,Regular,5/8/18,Lost,None,None,16.88,No,,,,,,No,No,No,,No,,No,,
Melanie Leneghan,OH,U.S. House Ohio District 12,Representative,Regular,5/8/18,Lost,None,None,27.58,No,,,,,,No,Yes,Yes,,Yes,,No,,
Lawrence Cohen,OH,U.S. House Ohio District 12,Representative,Regular,5/8/18,Lost,None,None,1.17,No,,,,,,No,No,No,,No,,No,,
Mick Shoemaker Jr.,OH,U.S. House Ohio District 12,Representative,Regular,5/8/18,Lost,None,None,1.18,No,,,,,,No,No,No,,No,,No,,
Kevin Bacon,OH,U.S. House Ohio District 12,Representative,Special,5/8/18,Lost,None,None,14.27,No,,,,,,No,No,No,,No,,No,,
Lawrence Cohen,OH,U.S. House Ohio District 12,Representative,Special,5/8/18,Lost,None,None,1.17,No,,,,,,No,No,No,,No,,No,,
Tim Kane,OH,U.S. House Ohio District 12,Representative,Special,5/8/18,Lost,None,None,17.07,No,,,,,,No,No,No,,No,,No,,
Melanie Leneghan,OH,U.S. House Ohio District 12,Representative,Special,5/8/18,Lost,None,None,28.25,No,,,,,,No,Yes,Yes,,Yes,,No,,
Pat Manley,OH,U.S. House Ohio District 12,Representative,Special,5/8/18,Lost,None,None,1.08,No,,,,,,No,No,No,,No,,No,,
Carol O'Brien,OH,U.S. House Ohio District 12,Representative,Special,5/8/18,Lost,None,None,6.4,No,,,,,,No,No,No,,No,,No,,
Mick Shoemaker Jr.,OH,U.S. House Ohio District 12,Representative,Special,5/8/18,Lost,None,None,1.09,No,,,,,,No,No,No,,No,,No,,
Christopher DePizzo,OH,U.S. House Ohio District 13,Representative,Regular,5/8/18,Advanced,None,On the Ballot,100,Yes,,,,,,,,,,,,,,
Anthony Gonzalez,OH,U.S. House Ohio District 16,Representative,Regular,5/8/18,Advanced,None,On the Ballot,53.07,Yes,Yes,,,,No,Yes,No,,,No,,Yes,Yes,
Christina Hagan,OH,U.S. House Ohio District 16,Representative,Regular,5/8/18,Lost,None,None,40.78,No,Yes,,,,Yes,No,Yes,,,Yes,,No,No,
Michael Grusenmeyer,OH,U.S. House Ohio District 16,Representative,Regular,5/8/18,Lost,None,None,6.15,No,No,,,,No,No,No,,,No,,No,No,
Jim Burgess,OH,U.S. House Ohio District 3,Representative,Regular,5/8/18,Advanced,None,On the Ballot,93.1,Yes,,,,,,,,,,,,,,
Abdulkadir Haji,OH,U.S. House Ohio District 3,Representative,Regular,5/8/18,Lost,None,None,6.9,No,,,,,,,,,,,,,,
Steven Kraus,OH,U.S. House Ohio District 9,Representative,Regular,5/8/18,Advanced,None,On the Ballot,49.45,Yes,,,,,,,,,,,,,,
Keith Colton,OH,U.S. House Ohio District 9,Representative,Regular,5/8/18,Lost,None,None,29.86,No,,,,,,,,,,,,,,
W. Benjamin Franklin,OH,U.S. House Ohio District 9,Representative,Regular,5/8/18,Lost,None,None,20.7,No,,,,,,,,,,,,,,
Jim Renacci,OH,U.S. Senate Ohio,Senator,Regular,5/8/18,Advanced,None,On the Ballot,47.34,Yes,,Yes,,,Yes,Yes,,,Yes,,No,,,
Don Eckhart,OH,U.S. Senate Ohio,Senator,Regular,5/8/18,Lost,None,None,3.88,No,,No,,,No,No,,,No,,No,,,
Mike Gibbons,OH,U.S. Senate Ohio,Senator,Regular,5/8/18,Lost,None,None,31.69,No,,No,,,No,No,,,No,,Yes,,,
Melissa Ackison,OH,U.S. Senate Ohio,Senator,Regular,5/8/18,Lost,None,None,13.09,No,,No,,,No,No,,,No,,No,,,
Dan Kiley,OH,U.S. Senate Ohio,Senator,Regular,5/8/18,Lost,None,None,3.99,No,,No,,,No,No,,,No,,No,,,
Mick Cornett,OK,Governor of Oklahoma,Governor,Regular,6/26/18,Advanced,Lost,None,29.34,No,,,,,,,,,,,,,,
Kevin Stitt,OK,Governor of Oklahoma,Governor,Regular,6/26/18,Advanced,Advanced,On the Ballot,24.41,Yes,,,,,,,,,,,,,,
Christopher Barnett,OK,Governor of Oklahoma,Governor,Regular,6/26/18,Lost,None,None,1.16,No,,,,,,,,,,,,,,
Dan Fisher,OK,Governor of Oklahoma,Governor,Regular,6/26/18,Lost,None,None,7.91,No,,,,,,,,,,,,,,
Eric Foutch,OK,Governor of Oklahoma,Governor,Regular,6/26/18,Lost,None,None,0.51,No,,,,,,,,,,,,,,
Barry Gowdy,OK,Governor of Oklahoma,Governor,Regular,6/26/18,Lost,None,None,0.52,No,,,,,,,,,,,,,,
Gary Jones,OK,Governor of Oklahoma,Governor,Regular,6/26/18,Lost,None,None,5.58,No,,,,,,,,,,,,,,
Todd Lamb,OK,Governor of Oklahoma,Governor,Regular,6/26/18,Lost,None,None,23.86,No,,,,,,,,,,,,,,
Gary Richardson,OK,Governor of Oklahoma,Governor,Regular,6/26/18,Lost,None,None,4.02,No,,,,,,,,,,,,,,
Blake Cowboy Stephens,OK,Governor of Oklahoma,Governor,Regular,6/26/18,Lost,None,None,2.7,No,,,,,,,,,,,,,,
Kevin Hern,OK,U.S. House Oklahoma District 1,Representative,Regular,6/26/18,Advanced,Advanced,On the Ballot,22.68,Yes,,,,,,,,No,,No,,Yes,,
Tim Harris,OK,U.S. House Oklahoma District 1,Representative,Regular,6/26/18,Advanced,Lost,None,27.48,No,,,,,,,,,,No,,No,,
Nathan Dahm,OK,U.S. House Oklahoma District 1,Representative,Regular,6/26/18,Lost,None,None,20.17,No,,,,,,,,,,No,,No,,
Andy Coleman,OK,U.S. House Oklahoma District 1,Representative,Regular,6/26/18,Lost,None,None,21.85,No,,,,,,,,,,Yes,,No,,
Danny Stockstill,OK,U.S. House Oklahoma District 1,Representative,Regular,6/26/18,Lost,None,None,7.83,No,,,,,,,,,,No,,No,,
Knute Buehler,OR,Governor of Oregon,Governor,Regular,5/15/18,Advanced,None,On the Ballot,45.9,Yes,,,,,,No,,,,,,,,
Bruce Cuff,OR,Governor of Oregon,Governor,Regular,5/15/18,Lost,None,None,1.55,No,,,,,,No,,,,,,,,
Sam Carpenter,OR,Governor of Oregon,Governor,Regular,5/15/18,Lost,None,None,28.85,No,,,,,,No,,,,,,,,
Jeff Smith,OR,Governor of Oregon,Governor,Regular,5/15/18,Lost,None,None,1.49,No,,,,,,No,,,,,,,,
Keenan Bohach,OR,Governor of Oregon,Governor,Regular,5/15/18,Lost,None,None,0.25,No,,,,,,No,,,,,,,,
Jack Tacy,OR,Governor of Oregon,Governor,Regular,5/15/18,Lost,None,None,0.16,No,,,,,,No,,,,,,,,
Greg Wooldridge,OR,Governor of Oregon,Governor,Regular,5/15/18,Lost,None,None,20.08,No,,,,,,Yes,,,,,,,,
Jonathan Edwards (Oregon),OR,Governor of Oregon,Governor,Regular,5/15/18,Lost,None,None,0.27,No,,,,,,No,,,,,,,,
Brett Hyland,OR,Governor of Oregon,Governor,Regular,5/15/18,Lost,None,None,0.24,No,,,,,,No,,,,,,,,
David Stauffer,OR,Governor of Oregon,Governor,Regular,5/15/18,Lost,None,None,0.67,No,,,,,,No,,,,,,,,
John Verbeek,OR,U.S. House Oregon District 1,Representative,Regular,5/15/18,Advanced,None,On the Ballot,50.61,Yes,,,,,,,,,,,,,,
George Griffith,OR,U.S. House Oregon District 1,Representative,Regular,5/15/18,Lost,None,None,40.72,No,,,,,,,,,,,,,,
Preston Miller,OR,U.S. House Oregon District 1,Representative,Regular,5/15/18,Lost,None,None,7.71,No,,,,,,,,,,,,,,
Art Robinson,OR,U.S. House Oregon District 4,Representative,Regular,5/15/18,Advanced,None,On the Ballot,45.51,Yes,,,,,,Yes,,,,,,,,
Jo Rae Perkins,OR,U.S. House Oregon District 4,Representative,Regular,5/15/18,Lost,None,None,20.81,No,,,,,,Yes,,,,,,,,
Stefan Strek,OR,U.S. House Oregon District 4,Representative,Regular,5/15/18,Lost,None,None,3.36,No,,,,,,No,,,,,,,,
Court Boice,OR,U.S. House Oregon District 4,Representative,Regular,5/15/18,Lost,None,None,23.62,No,,,,,,Yes,,,,,,,,
Michael Polen,OR,U.S. House Oregon District 4,Representative,Regular,5/15/18,Lost,None,None,5.95,No,,,,,,No,,,,,,,,
Mark Callahan,OR,U.S. House Oregon District 5,Representative,Regular,5/15/18,Advanced,None,On the Ballot,61.9,Yes,,,,,,Yes,,,,,,,,
Joey Nations,OR,U.S. House Oregon District 5,Representative,Regular,5/15/18,Lost,None,None,20.61,No,,,,,,No,,,,,,,,
Robert Reynolds,OR,U.S. House Oregon District 5,Representative,Regular,5/15/18,Lost,None,None,16.64,No,,,,,,Yes,,,,,,,,
Scott Wagner,PA,Governor of Pennsylvania,Governor,Regular,5/15/18,Advanced,None,On the Ballot,44.3,Yes,,,Yes,,,,,,,,,,,
Laura Ellsworth,PA,Governor of Pennsylvania,Governor,Regular,5/15/18,Lost,None,None,18.83,No,,,No,,,,,,,,,,,
Paul Mango,PA,Governor of Pennsylvania,Governor,Regular,5/15/18,Lost,None,None,36.87,No,,,No,,,,,,,,,,,
John Joyce,PA,U.S. House Pennsylvania District 13,Representative,Regular,5/15/18,Advanced,None,On the Ballot,22.02,Yes,,,,,,,,No,,No,,Yes,,
Art Halvorson,PA,U.S. House Pennsylvania District 13,Representative,Regular,5/15/18,Lost,None,None,15.33,No,,,,,,,,,,No,,No,,
John Eichelberger,PA,U.S. House Pennsylvania District 13,Representative,Regular,5/15/18,Lost,None,None,19.77,No,,,,,,,,,,No,,No,,
Stephen Bloom,PA,U.S. House Pennsylvania District 13,Representative,Regular,5/15/18,Lost,None,None,18.16,No,,,,,,,,,,Yes,,No,,
Travis Schooley,PA,U.S. House Pennsylvania District 13,Representative,Regular,5/15/18,Lost,None,None,4.51,No,,,,,,,,,,No,,No,,
Doug Mastriano,PA,U.S. House Pennsylvania District 13,Representative,Regular,5/15/18,Lost,None,None,15.6,No,,,,,,,,,,No,,No,,
Bernard Washabaugh II,PA,U.S. House Pennsylvania District 13,Representative,Regular,5/15/18,Lost,None,None,2.84,No,,,,,,,,,,No,,No,,
Benjamin Hornberger,PA,U.S. House Pennsylvania District 13,Representative,Regular,5/15/18,Lost,None,None,1.77,No,,,,,,,,,,No,,No,,
Guy Reschenthaler,PA,U.S. House Pennsylvania District 14,Representative,Regular,5/15/18,Advanced,None,On the Ballot,55.19,Yes,,,,,,,,,,No,,Yes,,
Rick Saccone,PA,U.S. House Pennsylvania District 14,Representative,Regular,5/15/18,Lost,None,None,44.81,No,,,,,,,,Yes,,Yes,,No,,
David Torres,PA,U.S. House Pennsylvania District 2,Representative,Regular,5/15/18,Advanced,None,On the Ballot,100,Yes,,,,,,,,,,,,,,
Bryan Leib,PA,U.S. House Pennsylvania District 3,Representative,Regular,5/15/18,Advanced,None,On the Ballot,100,Yes,,,,,,,,,,,,,,
Dan David,PA,U.S. House Pennsylvania District 4,Representative,Regular,5/15/18,Advanced,None,On the Ballot,100,Yes,,,,,,,,,,,,,,
Pearl Kim,PA,U.S. House Pennsylvania District 5,Representative,Regular,5/15/18,Advanced,None,On the Ballot,100,Yes,,,,,,,,,,,,,,
Greg McCauley,PA,U.S. House Pennsylvania District 6,Representative,Regular,5/15/18,Advanced,None,On the Ballot,100,Yes,,,,,,,,,,,,,,
Marty Nothstein,PA,U.S. House Pennsylvania District 7,Representative,Regular,5/15/18,Advanced,None,On the Ballot,50.49,Yes,Yes,,,,,,,,,,,,,
Dean Browning,PA,U.S. House Pennsylvania District 7,Representative,Regular,5/15/18,Lost,None,None,49.51,No,No,,,,,,,,,,,,,
John Chrin,PA,U.S. House Pennsylvania District 8,Representative,Regular,5/15/18,Advanced,None,On the Ballot,48.47,Yes,Yes,,,,,,,,,,,,,
Robert Kuniegel,PA,U.S. House Pennsylvania District 8,Representative,Regular,5/15/18,Lost,None,None,16.66,No,No,,,,,,,,,,,,,
Joe Peters,PA,U.S. House Pennsylvania District 8,Representative,Regular,5/15/18,Lost,None,None,34.87,No,No,,,,,,,,,,,,,
Dan Meuser,PA,U.S. House Pennsylvania District 9,Representative,Regular,5/15/18,Advanced,None,On the Ballot,52.94,Yes,Yes,,,,,,,,,,,,,Yes
Scott Uehlinger,PA,U.S. House Pennsylvania District 9,Representative,Regular,5/15/18,Lost,None,None,23.1,No,No,,,,,,,,,,,,,No
George Halcovage,PA,U.S. House Pennsylvania District 9,Representative,Regular,5/15/18,Lost,None,None,23.97,No,No,,,,,,,,,,,,,No
Lou Barletta,PA,U.S. Senate Pennsylvania,Senator,Regular,5/15/18,Advanced,None,On the Ballot,63.03,Yes,,,,,,,,,Yes,,,,,
Jim Christiana,PA,U.S. Senate Pennsylvania,Senator,Regular,5/15/18,Lost,None,None,36.97,No,,,,,,,,,No,,,,,
Giovanni Feroce,RI,Governor of Rhode Island,Governor,Regular,9/12/18,Lost,None,None,3.5,No,,,,,,,No,,,,,,,
Allan Fung,RI,Governor of Rhode Island,Governor,Regular,9/12/18,Advanced,None,On the Ballot,56.4,Yes,,,,,,,No,,,,,,,
Patricia Morgan,RI,Governor of Rhode Island,Governor,Regular,9/12/18,Lost,None,None,40.1,No,,,,,,,Yes,,,,,,,
Frederick Wysocki,RI,U.S. House Rhode Island District 1,Representative,Regular,9/12/18,Lost,None,None,21.6,No,,,,,,,,,,,,,,
Patrick Donovan,RI,U.S. House Rhode Island District 1,Representative,Regular,9/12/18,Advanced,None,On the Ballot,78.4,Yes,,,,,,,,,,,,,,
Salvatore Caiozzo,RI,U.S. House Rhode Island District 2,Representative,Regular,9/12/18,Advanced,None,On the Ballot,100,Yes,,,,,,,,,,,,,,
Roque De La Fuente,RI,U.S. Senate Rhode Island,Senator,Regular,9/12/18,Lost,None,None,12.3,No,,,,,,,,,,,,,,
Robert Flanders Jr.,RI,U.S. Senate Rhode Island,Senator,Regular,9/12/18,Advanced,None,On the Ballot,87.7,Yes,,,,,,,,,,,,,,
Lee Bright,SC,U.S. House South Carolina District 4,Representative,Regular,6/12/18,Advanced,Lost,None,24.95,No,,,,,,,,No,,,,,,
William Timmons,SC,U.S. House South Carolina District 4,Representative,Regular,6/12/18,Advanced,Advanced,On the Ballot,19.21,Yes,,,,,,,,No,,,,,,
Dan Hamilton,SC,U.S. House South Carolina District 4,Representative,Regular,6/12/18,Lost,None,None,18.62,No,,,,,,,,No,,,,,,
Stephen Brown,SC,U.S. House South Carolina District 4,Representative,Regular,6/12/18,Lost,None,None,7.57,No,,,,,,,,No,,,,,,
Mark Burns,SC,U.S. House South Carolina District 4,Representative,Regular,6/12/18,Lost,None,None,2.48,No,,,,,,,,No,,,,,,
Barry Bell,SC,U.S. House South Carolina District 4,Representative,Regular,6/12/18,Lost,None,None,0.3,No,,,,,,,,No,,,,,,
Josh Kimbrell,SC,U.S. House South Carolina District 4,Representative,Regular,6/12/18,Lost,None,None,11.13,No,,,,,,,,Yes,,,,,,
James Epley,SC,U.S. House South Carolina District 4,Representative,Regular,6/12/18,Lost,None,None,8.03,No,,,,,,,,No,,,,,,
Shannon Pierce,SC,U.S. House South Carolina District 4,Representative,Regular,6/12/18,Lost,None,None,3.64,No,,,,,,,,No,,,,,,
Claude Schmid,SC,U.S. House South Carolina District 4,Representative,Regular,6/12/18,Lost,None,None,2.11,No,,,,,,,,No,,,,,,
Dan Albert,SC,U.S. House South Carolina District 4,Representative,Regular,6/12/18,Lost,None,None,0.76,No,,,,,,,,No,,,,,,
John Marshall Mosser,SC,U.S. House South Carolina District 4,Representative,Regular,6/12/18,Lost,None,None,0.68,No,,,,,,,,No,,,,,,
Justin David Sanders,SC,U.S. House South Carolina District 4,Representative,Regular,6/12/18,Lost,None,None,0.53,No,,,,,,,,No,,,,,,
Gerhard Gressmann,SC,U.S. House South Carolina District 6,Representative,Regular,6/12/18,Advanced,None,On the Ballot,100,Yes,,,,,,,,,,,,,,
Kristi L. Noem,SD,Governor of South Dakota,Governor,Regular,6/5/18,Advanced,None,On the Ballot,56.03,Yes,,,,,,,Yes,,,,,,,
Marty J. Jackley,SD,Governor of South Dakota,Governor,Regular,6/5/18,Lost,None,None,43.96,No,,,,,,,No,,,,,,,
Dusty Johnson,SD,U.S. House South Dakota At-large District,Representative,Regular,6/5/18,Advanced,None,On the Ballot,46.81,Yes,Yes,,,,,,No,,Yes,,,No,,
Neal Tapio,SD,U.S. House South Dakota At-large District,Representative,Regular,6/5/18,Lost,None,None,23.87,No,No,,,,,,No,,No,,,No,,
Shantel Krebs,SD,U.S. House South Dakota At-large District,Representative,Regular,6/5/18,Lost,None,None,29.34,No,Yes,,,,,,Yes,,No,,,Yes,,No
Diane Black,TN,Governor of Tennessee,Governor,Regular,8/2/18,Lost,None,None,23,No,,,,,Yes,Yes,Yes,,,,,,,
Randy Boyd,TN,Governor of Tennessee,Governor,Regular,8/2/18,Lost,None,None,24.4,No,,,,,No,No,No,,,,,,,
Beth Harwell,TN,Governor of Tennessee,Governor,Regular,8/2/18,Lost,None,None,15.3,No,,,,,No,No,No,,,,,,,
Bill Lee,TN,Governor of Tennessee,Governor,Regular,8/2/18,Advanced,None,On the Ballot,36.8,Yes,,,,,No,No,No,,,,,,,
Basil Marceaux,TN,Governor of Tennessee,Governor,Regular,8/2/18,Lost,None,None,0.2,No,,,,,No,No,No,,,,,,,
Kay White,TN,Governor of Tennessee,Governor,Regular,8/2/18,Lost,None,None,0.4,No,,,,,No,No,No,,,,,,,
Jason Emert,TN,U.S. House Tennessee District 2,Representative,Regular,8/2/18,Lost,None,None,2.3,No,,,,,,,,,No,,,No,,
Jimmy Matlock,TN,U.S. House Tennessee District 2,Representative,Regular,8/2/18,Lost,None,None,36.1,No,,,,,,,,,Yes,,,No,,
Tim Burchett,TN,U.S. House Tennessee District 2,Representative,Regular,8/2/18,Advanced,None,On the Ballot,48.2,Yes,,,,,,,,,No,,,No,,
Vito Sagliano,TN,U.S. House Tennessee District 2,Representative,Regular,8/2/18,Lost,None,None,0.8,No,,,,,,,,,No,,,No,,
Hank Hamblin,TN,U.S. House Tennessee District 2,Representative,Regular,8/2/18,Lost,None,None,0.9,No,,,,,,,,,No,,,No,,
Ashley Nickloes,TN,U.S. House Tennessee District 2,Representative,Regular,8/2/18,Lost,None,None,11,No,,,,,,,,,No,,,Yes,,
C. David Stansberry,TN,U.S. House Tennessee District 2,Representative,Regular,8/2/18,Lost,None,None,0.7,No,,,,,,,,,No,,,No,,
Glen Dean,TN,U.S. House Tennessee District 5,Representative,Regular,8/2/18,Lost,None,None,44.1,No,,,,,,,,,,,,,,
Jody Ball,TN,U.S. House Tennessee District 5,Representative,Regular,8/2/18,Advanced,None,On the Ballot,55.9,Yes,,,,,,,,,,,,,,
Judd Matheny,TN,U.S. House Tennessee District 6,Representative,Regular,8/2/18,Lost,None,None,15.9,No,,,,,,No,,,,Yes,,,,
Robert Ewing Corlew,TN,U.S. House Tennessee District 6,Representative,Regular,8/2/18,Lost,None,None,31.1,No,,,,,,Yes,,,,No,,,,
John Rose,TN,U.S. House Tennessee District 6,Representative,Regular,8/2/18,Advanced,None,On the Ballot,41.3,Yes,,,,,,No,,,,No,,,,
Christopher Monday,TN,U.S. House Tennessee District 6,Representative,Regular,8/2/18,Lost,None,None,2.8,No,,,,,,No,,,,No,,,,
"LaVern ""U-Turn LaVern"" Vivio",TN,U.S. House Tennessee District 6,Representative,Regular,8/2/18,Lost,None,None,8.8,No,,,,,,No,,,,No,,,,
Mark Green,TN,U.S. House Tennessee District 7,Representative,Regular,8/2/18,Advanced,None,On the Ballot,100,Yes,,,,,,,,Yes,,Yes,,,,
Charlotte Bergmann,TN,U.S. House Tennessee District 9,Representative,Regular,8/2/18,Advanced,None,On the Ballot,100,Yes,,,,,,,,,,,,,,
Marsha Blackburn,TN,U.S. Senate Tennessee,Senator,Regular,8/2/18,Advanced,None,On the Ballot,84.5,Yes,,Yes,Yes,Yes,,,Yes,Yes,Yes,,,,,
Aaron Pettigrew,TN,U.S. Senate Tennessee,Senator,Regular,8/2/18,Lost,None,None,15.5,No,,No,No,No,,,No,No,No,,,,,
Tim Westley,TX,U.S. House Texas District 15,Representative,Regular,3/6/18,Advanced,None,On the Ballot,100,Yes,,,,,,,,,,,,,,
Rick Seeberger,TX,U.S. House Texas District 16,Representative,Regular,3/6/18,Advanced,None,On the Ballot,69.35,Yes,,,,,,,,,,,,,,
Alia Garcia-Ureste,TX,U.S. House Texas District 16,Representative,Regular,3/6/18,Lost,None,None,30.65,No,,,,,,,,,,,,,,
Ava Pate,TX,U.S. House Texas District 18,Representative,Regular,3/6/18,Advanced,None,On the Ballot,100,Yes,,,,,,,,,,,,,,
Kevin Roberts,TX,U.S. House Texas District 2,Representative,Regular,3/6/18,Advanced,Lost,None,33.03,No,,,,,Yes,,,,,,No,,,
Daniel Crenshaw,TX,U.S. House Texas District 2,Representative,Regular,3/6/18,Advanced,Advanced,On the Ballot,27.42,Yes,,,,,No,,,,,,Yes,,,
David Balat,TX,U.S. House Texas District 2,Representative,Regular,3/6/18,Lost,None,None,0.75,No,,,,,No,,No,,,,No,,,
Malcolm Whittaker,TX,U.S. House Texas District 2,Representative,Regular,3/6/18,Lost,None,None,0.7,No,,,,,No,,No,,,,No,,,
Rick Walker,TX,U.S. House Texas District 2,Representative,Regular,3/6/18,Lost,None,None,7.18,No,,,,,No,,No,,,,No,,,
Kathaleen Wall,TX,U.S. House Texas District 2,Representative,Regular,3/6/18,Lost,None,None,27.08,No,,,,,No,,Yes,,,,No,,,
Justin Lurie,TX,U.S. House Texas District 2,Representative,Regular,3/6/18,Lost,None,None,0.92,No,,,,,No,,No,,,,No,,,
Jon Spiers,TX,U.S. House Texas District 2,Representative,Regular,3/6/18,Lost,None,None,0.9,No,,,,,No,,No,,,,No,,,
Jonny Havens,TX,U.S. House Texas District 2,Representative,Regular,3/6/18,Lost,None,None,2.02,No,,,,,No,,No,,,,No,,,
Matt McCall,TX,U.S. House Texas District 21,Representative,Regular,3/6/18,Advanced,Lost,None,16.93,No,,,,,,No,,No,,No,No,,,No
Chip Roy,TX,U.S. House Texas District 21,Representative,Regular,3/6/18,Advanced,Advanced,On the Ballot,27.06,Yes,,,,,,Yes,,Yes,,Yes,Yes,,,No
Francisco Canseco,TX,U.S. House Texas District 21,Representative,Regular,3/6/18,Lost,None,None,3.47,No,,,,,,No,,No,,No,No,,,No
Jason Isaac,TX,U.S. House Texas District 21,Representative,Regular,3/6/18,Lost,None,None,10.04,No,,,,,,No,,No,,No,No,,,No
Susan Narvaiz,TX,U.S. House Texas District 21,Representative,Regular,3/6/18,Lost,None,None,3.79,No,,,,,,No,,No,,No,No,,,No
Eric Burkhart,TX,U.S. House Texas District 21,Representative,Regular,3/6/18,Lost,None,None,1.01,No,,,,,,No,,No,,No,No,,,No
Autry Pruitt,TX,U.S. House Texas District 21,Representative,Regular,3/6/18,Lost,None,None,0.63,No,,,,,,No,,No,,No,No,,,No
Robert Stovall,TX,U.S. House Texas District 21,Representative,Regular,3/6/18,Lost,None,None,4.76,No,,,,,,No,,No,,No,No,,,No
Ivan Andarza,TX,U.S. House Texas District 21,Representative,Regular,3/6/18,Lost,None,None,0.13,No,,,,,,No,,No,,No,No,,,No
Ryan Krause,TX,U.S. House Texas District 21,Representative,Regular,3/6/18,Lost,None,None,3.2,No,,,,,,No,,No,,No,No,,,No
Jenifer Sarver,TX,U.S. House Texas District 21,Representative,Regular,3/6/18,Lost,None,None,5.61,No,,,,,,No,,No,,No,No,,,No
Mauro Garza,TX,U.S. House Texas District 21,Representative,Regular,3/6/18,Lost,None,None,0.92,No,,,,,,No,,No,,No,No,,,No
Foster Hagen,TX,U.S. House Texas District 21,Representative,Regular,3/6/18,Lost,None,None,0.55,No,,,,,,No,,No,,No,No,,,No
William Negley,TX,U.S. House Texas District 21,Representative,Regular,3/6/18,Lost,None,None,15.55,No,,,,,,No,,No,,No,No,,,Yes
Al Poteet,TX,U.S. House Texas District 21,Representative,Regular,3/6/18,Lost,None,None,1.81,No,,,,,,No,,No,,No,No,,,No
Samuel Temple,TX,U.S. House Texas District 21,Representative,Regular,3/6/18,Lost,None,None,1.42,No,,,,,,No,,No,,No,No,,,No
Peggy Wardlaw,TX,U.S. House Texas District 21,Representative,Regular,3/6/18,Lost,None,None,1.79,No,,,,,,No,,No,,No,No,,,No
Anthony White,TX,U.S. House Texas District 21,Representative,Regular,3/6/18,Lost,None,None,1.33,No,,,,,,No,,No,,No,No,,,No
Michael Cloud,TX,U.S. House Texas District 27,Representative,Regular,3/6/18,Advanced,Advanced,On the Ballot,33.83,Yes,,,,,,,,Yes,No,Yes,Yes,,,
Bech Bruun,TX,U.S. House Texas District 27,Representative,Regular,3/6/18,Advanced,Lost,None,36.09,No,,,,,,,,No,Yes,No,No,,,
Chris Mapp,TX,U.S. House Texas District 27,Representative,Regular,3/6/18,Lost,None,None,12.14,No,,,,,,,,No,No,No,No,,,
John Grunwald,TX,U.S. House Texas District 27,Representative,Regular,3/6/18,Lost,None,None,6.86,No,,,,,,,,No,No,No,No,,,
Eddie Gassman,TX,U.S. House Texas District 27,Representative,Regular,3/6/18,Lost,None,None,2.8,No,,,,,,,,No,No,No,No,,,
Jerry Hall,TX,U.S. House Texas District 27,Representative,Regular,3/6/18,Lost,None,None,8.27,No,,,,,,,,No,No,No,No,,,
Phillip Aronoff,TX,U.S. House Texas District 29,Representative,Regular,3/6/18,Advanced,Advanced,On the Ballot,38.6,Yes,,,,,,,,,,,,,,
Carmen Maria Montiel,TX,U.S. House Texas District 29,Representative,Regular,3/6/18,Advanced,Lost,None,23.58,No,,,,,,,,,,,,,,
Robert Schafranek,TX,U.S. House Texas District 29,Representative,Regular,3/6/18,Lost,None,None,16.73,No,,,,,,,,,,,,,,
Jaimy Blanco,TX,U.S. House Texas District 29,Representative,Regular,3/6/18,Lost,None,None,21.08,No,,,,,,,,,,,,,,
Van Taylor,TX,U.S. House Texas District 3,Representative,Regular,3/6/18,Advanced,None,On the Ballot,84.68,Yes,,,,,,,,Yes,,,,,,
David Niederkorn,TX,U.S. House Texas District 3,Representative,Regular,3/6/18,Lost,None,None,9.39,No,,,,,,,,No,,,,,,
Alex Donkervoet,TX,U.S. House Texas District 3,Representative,Regular,3/6/18,Lost,None,None,5.93,No,,,,,,,,No,,,,,,
Willie Billups,TX,U.S. House Texas District 33,Representative,Regular,3/6/18,Advanced,None,On the Ballot,100,Yes,,,,,,,,,,,,,,
Rey Gonzalez,TX,U.S. House Texas District 34,Representative,Regular,3/6/18,Advanced,None,On the Ballot,100,Yes,,,,,,,,,,,,,,
David Smalling,TX,U.S. House Texas District 35,Representative,Regular,3/6/18,Advanced,None,On the Ballot,53.3,Yes,,,,,,,,,,,,,,
SK Alexander,TX,U.S. House Texas District 35,Representative,Regular,3/6/18,Lost,None,None,46.7,No,,,,,,,,,,,,,,
Lance Gooden,TX,U.S. House Texas District 5,Representative,Regular,3/6/18,Advanced,Advanced,On the Ballot,29.97,Yes,,,,,,No,No,No,No,,No,,,
Bunni Pounds,TX,U.S. House Texas District 5,Representative,Regular,3/6/18,Advanced,Lost,None,21.95,No,,,,,,Yes,Yes,Yes,Yes,,Yes,,,
Charles Lingerfelt,TX,U.S. House Texas District 5,Representative,Regular,3/6/18,Lost,None,None,1.75,No,,,,,,No,No,No,No,,No,,,
Kenneth Sheets,TX,U.S. House Texas District 5,Representative,Regular,3/6/18,Lost,None,None,11.99,No,,,,,,No,No,No,No,,No,,,
Sam Deen,TX,U.S. House Texas District 5,Representative,Regular,3/6/18,Lost,None,None,17.16,No,,,,,,No,No,No,No,,No,,,
Danny Campbell,TX,U.S. House Texas District 5,Representative,Regular,3/6/18,Lost,None,None,3.02,No,,,,,,No,No,No,No,,No,,,
David Williams,TX,U.S. House Texas District 5,Representative,Regular,3/6/18,Lost,None,None,2.73,No,,,,,,No,No,No,No,,No,,,
Jason Wright,TX,U.S. House Texas District 5,Representative,Regular,3/6/18,Lost,None,None,11.42,No,,,,,,No,No,No,No,,No,,,
Jake Ellzey,TX,U.S. House Texas District 6,Representative,Regular,3/6/18,Advanced,Lost,None,21.76,No,,,,,,No,,No,,,No,,,
Ronald Wright,TX,U.S. House Texas District 6,Representative,Regular,3/6/18,Advanced,Advanced,On the Ballot,45.15,Yes,,,,,,Yes,,Yes,,,Yes,,,
Ken Cope,TX,U.S. House Texas District 6,Representative,Regular,3/6/18,Lost,None,None,7.7,No,,,,,,No,,No,,,No,,,
Deborah Gagliardi,TX,U.S. House Texas District 6,Representative,Regular,3/6/18,Lost,None,None,3.65,No,,,,,,No,,No,,,No,,,
Shawn Dandridge,TX,U.S. House Texas District 6,Representative,Regular,3/6/18,Lost,None,None,1.13,No,,,,,,No,,No,,,No,,,
Mark Mitchell,TX,U.S. House Texas District 6,Representative,Regular,3/6/18,Lost,None,None,4.68,No,,,,,,No,,No,,,No,,,
Troy Ratterree,TX,U.S. House Texas District 6,Representative,Regular,3/6/18,Lost,None,None,4.04,No,,,,,,No,,No,,,No,,,
Mel Hassell,TX,U.S. House Texas District 6,Representative,Regular,3/6/18,Lost,None,None,0.58,No,,,,,,No,,No,,,No,,,
Kevin Harrison,TX,U.S. House Texas District 6,Representative,Regular,3/6/18,Lost,None,None,3.85,No,,,,,,No,,No,,,No,,,
Thomas Dillingham,TX,U.S. House Texas District 6,Representative,Regular,3/6/18,Lost,None,None,1.18,No,,,,,,No,,No,,,No,,,
Shannon Dubberly,TX,U.S. House Texas District 6,Representative,Regular,3/6/18,Lost,None,None,6.28,No,,,,,,No,,No,,,No,,,
Mitt Romney,UT,U.S. Senate Utah,Senator,Regular,6/26/18,Advanced,None,On the Ballot,71.27,Yes,,Yes,,,,,,,,,,,,
Mike Kennedy,UT,U.S. Senate Utah,Senator,Regular,6/26/18,Lost,None,None,28.73,No,,No,,,,,,,,,,,,
Brooke Paige,VT,U.S. House Vermont At-large District,Representative,Regular,8/14/18,Advanced,None,On the Ballot,63.3,Yes,,,,,,,,,,,,,,
Anya Tynio,VT,U.S. House Vermont At-large District,Representative,Regular,8/14/18,Lost,None,None,36.7,No,,,,,,,,,,,,,,
Roque De La Fuente,VT,U.S. Senate Vermont,Senator,Regular,8/14/18,Lost,None,None,4.2,No,,,,,,,,,,,,,,
Brooke Paige,VT,U.S. Senate Vermont,Senator,Regular,8/14/18,Advanced,None,On the Ballot,39.6,Yes,,,,,,,,,,,,,,
Jasdeep Pannu,VT,U.S. Senate Vermont,Senator,Regular,8/14/18,Lost,None,None,18.3,No,,,,,,,,,,,,,,
Lawrence Zupan,VT,U.S. Senate Vermont,Senator,Regular,8/14/18,Lost,None,None,4.2,No,,,,,,,,,,,,,,
Jeff Dove,VA,U.S. House Virginia District 11,Representative,Regular,6/12/18,Advanced,None,On the Ballot,100,Yes,,,,,,,,,,,,,,
Ryan McAdams,VA,U.S. House Virginia District 4,Representative,Regular,6/12/18,Advanced,None,On the Ballot,72.57,Yes,,,,,,,,,,,,,,
Shion Fenty,VA,U.S. House Virginia District 4,Representative,Regular,6/12/18,Lost,None,None,27.43,No,,,,,,,,,,,,,,
Denver Riggleman,VA,U.S. House Virginia District 5,Representative,Regular,6/12/18,Advanced,None,On the Ballot,100,Yes,,,,,,,,Yes,,,,,,
Ben Cline,VA,U.S. House Virginia District 6,Representative,Regular,6/12/18,Advanced,None,On the Ballot,100,Yes,,,,,Yes,,,,,,,,,
Thomas Oh,VA,U.S. House Virginia District 8,Representative,Regular,6/12/18,Advanced,None,On the Ballot,100,Yes,,,,,,,,,,,,,,
Corey Stewart,VA,U.S. Senate Virginia,Senator,Regular,6/12/18,Advanced,None,On the Ballot,44.87,Yes,,,,,,,,,,,,,,
E.W. Jackson,VA,U.S. Senate Virginia,Senator,Regular,6/12/18,Lost,None,None,11.99,No,,,,,,,,,,,,,,
Nick Freitas,VA,U.S. Senate Virginia,Senator,Regular,6/12/18,Lost,None,None,43.14,No,,,,,,,,,,,,,,
Jeffrey Beeler,WA,U.S. House Washington District 1,Representative,Regular,8/7/18,Advanced,None,On the Ballot,69.19,Yes,,,,,,,,,,,,,,
Scott Stafne,WA,U.S. House Washington District 1,Representative,Regular,8/7/18,Lost,None,None,30.81,No,,,,,,,,,,,,,,
Joseph Brumbles,WA,U.S. House Washington District 10,Representative,Regular,8/7/18,Advanced,None,On the Ballot,100,Yes,,,,,,,,,,,,,,
Douglas Dightman,WA,U.S. House Washington District 6,Representative,Regular,8/7/18,Advanced,None,On the Ballot,100,Yes,,,,,,,,,,,,,,
Craig Keller,WA,U.S. House Washington District 7,Representative,Regular,8/7/18,Advanced,None,On the Ballot,100,Yes,,,,,,,,,,,,,,
Dino Rossi,WA,U.S. House Washington District 8,Representative,Regular,8/7/18,Advanced,None,On the Ballot,92.09,Yes,Yes,,,,,,,Yes,Yes,,Yes,Yes,,
Jack Hughes-Hageman,WA,U.S. House Washington District 8,Representative,Regular,8/7/18,Lost,None,None,5.34,No,No,,,,,,,No,No,,No,No,,
Gordon Allen Pross,WA,U.S. House Washington District 8,Representative,Regular,8/7/18,Lost,None,None,2.57,No,No,,,,,,,No,No,,No,No,,
Doug Basler,WA,U.S. House Washington District 9,Representative, ,8/7/18,Lost,None,None,100,No,,,,,,,,,,,,,,
Joey Gibson,WA,U.S. Senate Washington,Senator,Regular,8/7/18,Lost,None,None,6.37,No,,,,,,No,,,,,,,,
Matthew Heines,WA,U.S. Senate Washington,Senator,Regular,8/7/18,Lost,None,None,1.38,No,,,,,,No,,,,,,,,
Roque De La Fuente,WA,U.S. Senate Washington,Senator,Regular,8/7/18,Lost,None,None,0.83,No,,,,,,No,,,,,,,,
Dave Bryant,WA,U.S. Senate Washington,Senator,Regular,8/7/18,Lost,None,None,5.54,No,,,,,,No,,,,,,,,
Art Coday,WA,U.S. Senate Washington,Senator,Regular,8/7/18,Lost,None,None,4.98,No,,,,,,Yes,,,,,,,,
GoodSpaceGuy,WA,U.S. Senate Washington,Senator,Regular,8/7/18,Lost,None,None,1.11,No,,,,,,No,,,,,,,,
Matt Hawkins,WA,U.S. Senate Washington,Senator,Regular,8/7/18,Lost,None,None,2.21,No,,,,,,Yes,,,,,,,,
Susan Hutchison,WA,U.S. Senate Washington,Senator,Regular,8/7/18,Advanced,None,On the Ballot,67.31,Yes,,,,,,No,,,,,,,,
John Orlinski,WA,U.S. Senate Washington,Senator,Regular,8/7/18,Lost,None,None,1.11,No,,,,,,No,,,,,,,,
Tim Owen,WA,U.S. Senate Washington,Senator,Regular,8/7/18,Lost,None,None,3.88,No,,,,,,Yes,,,,,,,,
RC Smith,WA,U.S. Senate Washington,Senator,Regular,8/7/18,Lost,None,None,0.28,No,,,,,,No,,,,,,,,
Glen Stockwell,WA,U.S. Senate Washington,Senator,Regular,8/7/18,Lost,None,None,1.94,No,,,,,,No,,,,,,,,
Keith Swank,WA,U.S. Senate Washington,Senator,Regular,8/7/18,Lost,None,None,6.4,No,,,,,,Yes,,,,,,,,
Carol Miller,WV,U.S. House West Virginia District 3,Representative,Regular,5/8/18,Advanced,None,On the Ballot,23.81,Yes,,,,,,,Yes,,,,,No,,
Marty Gearheart,WV,U.S. House West Virginia District 3,Representative,Regular,5/8/18,Lost,None,None,18.19,No,,,,,,,No,,,,,No,,
Rick Snuffer,WV,U.S. House West Virginia District 3,Representative,Regular,5/8/18,Lost,None,None,10.64,No,,,,,,,No,,,,,No,,
Rupie Phillips,WV,U.S. House West Virginia District 3,Representative,Regular,5/8/18,Lost,None,None,19.53,No,,,,,,,No,,,,,No,,
Ayne Amjad,WV,U.S. House West Virginia District 3,Representative,Regular,5/8/18,Lost,None,None,7.46,No,,,,,,,No,,,,,No,,
Conrad Lucas,WV,U.S. House West Virginia District 3,Representative,Regular,5/8/18,Lost,None,None,18.07,No,,,,,,,No,,,,,Yes,,
Philip Payton,WV,U.S. House West Virginia District 3,Representative,Regular,5/8/18,Lost,None,None,2.3,No,,,,,,,No,,,,,No,,
Patrick Morrisey,WV,U.S. Senate West Virginia,Senator,Regular,5/8/18,Advanced,None,On the Ballot,34.9,Yes,,Yes,Yes,Yes,,,,,Yes,,Yes,No,,
Evan Jenkins,WV,U.S. Senate West Virginia,Senator,Regular,5/8/18,Lost,None,None,29.21,No,,Yes,No,No,,,,,No,,No,Yes,,
Bo Copley,WV,U.S. Senate West Virginia,Senator,Regular,5/8/18,Lost,None,None,3.09,No,,No,No,No,,,,,No,,No,No,,
Jack Newbrough,WV,U.S. Senate West Virginia,Senator,Regular,5/8/18,Lost,None,None,2.99,No,,No,No,No,,,,,No,,No,No,,
Don Blankenship,WV,U.S. Senate West Virginia,Senator,Regular,5/8/18,Lost,None,None,19.97,No,,No,No,No,,,,,No,,No,No,,
Tom Willis,WV,U.S. Senate West Virginia,Senator,Regular,5/8/18,Lost,None,None,9.84,No,,No,No,No,,,,,No,,No,No,,
Bryan Steil,WI,U.S. House Wisconsin District 1,Representative,Regular,8/14/18,Advanced,None,On the Ballot,51.6,Yes,Yes,,,,,No,,,,,,,,
Paul Nehlen,WI,U.S. House Wisconsin District 1,Representative,Regular,8/14/18,Lost,None,None,11.1,No,No,,,,,No,,,,,,,,
Nick Polce,WI,U.S. House Wisconsin District 1,Representative,Regular,8/14/18,Lost,None,None,14.9,No,No,,,,,No,,,,,,,,
Jeremy Ryan,WI,U.S. House Wisconsin District 1,Representative,Regular,8/14/18,Lost,None,None,10.4,No,No,,,,,No,,,,,,,,
Kevin Steen,WI,U.S. House Wisconsin District 1,Representative,Regular,8/14/18,Lost,None,None,10.5,No,No,,,,,Yes,,,,,,,,
Brad Boivin,WI,U.S. House Wisconsin District 1,Representative,Regular,8/14/18,Lost,None,None,1.5,No,No,,,,,No,,,,,,,,
Steve Toft,WI,U.S. House Wisconsin District 3,Representative,Regular,8/14/18,Advanced,None,On the Ballot,100,Yes,Yes,,,,,Yes,,,,,,,,
Tim Rogers,WI,U.S. House Wisconsin District 4,Representative,Regular,8/14/18,Advanced,None,On the Ballot,55.6,Yes,,,,,,No,,,,,,,,
Cindy Werner,WI,U.S. House Wisconsin District 4,Representative,Regular,8/14/18,Lost,None,None,44.4,No,,,,,,Yes,,,,,,,,
Leah Vukmir,WI,U.S. Senate Wisconsin,Senator,Regular,8/14/18,Advanced,None,On the Ballot,49,Yes,,,No,No,Yes,Yes,,No,,,,,,
Kevin Nicholson,WI,U.S. Senate Wisconsin,Senator,Regular,8/14/18,Lost,None,None,42.9,No,,,Yes,Yes,No,Yes,,Yes,,,,,,
Griffin Jones,WI,U.S. Senate Wisconsin,Senator,Regular,8/14/18,Lost,None,None,2,No,,,No,No,No,No,,No,,,,,,
Charles Barman,WI,U.S. Senate Wisconsin,Senator,Regular,8/14/18,Lost,None,None,1.8,No,,,No,No,No,No,,No,,,,,,
George Lucia,WI,U.S. Senate Wisconsin,Senator,Regular,8/14/18,Lost,None,None,4.2,No,,,No,No,No,No,,No,,,,,,
Mark Gordon,WY,Governor of Wyoming,Governor,Regular,8/21/18,Advanced,None,On the Ballot,33.4,Yes,,No,,,,No,,,,,,,,
Bill Dahlin,WY,Governor of Wyoming,Governor,Regular,8/21/18,Lost,None,None,1.5,No,,No,,,,No,,,,,,,,
Harriet Hageman,WY,Governor of Wyoming,Governor,Regular,8/21/18,Lost,None,None,21.5,No,,No,,,,Yes,,,,,,,,
Sam Galeotos,WY,Governor of Wyoming,Governor,Regular,8/21/18,Lost,None,None,12.5,No,,No,,,,Yes,,,,,,,,
Foster Friess,WY,Governor of Wyoming,Governor,Regular,8/21/18,Lost,None,None,25.6,No,,Yes,,,,Yes,,,,,,,,
Taylor Haynes,WY,Governor of Wyoming,Governor,Regular,8/21/18,Lost,None,None,5.6,No,,No,,,,Yes,,,,,,,,