matchup,game_date,type_of_hit,exit_velocity,predicted_zone,camera_zone,used_zone
Seattle Mariners VS Minnesota Twins,2019-05-18,Ground,,1,1,1
Seattle Mariners VS Minnesota Twins,2019-05-18,Fly,,4,,4
Seattle Mariners VS Minnesota Twins,2019-05-18,Fly,56.9,4,,4
Seattle Mariners VS Minnesota Twins,2019-05-18,Fly,78.8,1,1,1
Seattle Mariners VS Minnesota Twins,2019-05-18,Fly,,2,,2
Seattle Mariners VS Minnesota Twins,2019-05-18,Ground,,1,1,1
Seattle Mariners VS Minnesota Twins,2019-05-18,Fly,74.8,2,,2
Seattle Mariners VS Minnesota Twins,2019-05-18,Ground,,1,1,1
Seattle Mariners VS Minnesota Twins,2019-05-18,Fly,70.7,4,,4
Seattle Mariners VS Minnesota Twins,2019-05-18,Fly,73.4,4,,4
Seattle Mariners VS Minnesota Twins,2019-05-18,Fly,76,5,5,5
Seattle Mariners VS Minnesota Twins,2019-05-18,Line,,1,1,1
Seattle Mariners VS Minnesota Twins,2019-05-18,Fly,72.1,2,,2
Seattle Mariners VS Minnesota Twins,2019-05-18,Fly,,4,,4
Seattle Mariners VS Minnesota Twins,2019-05-18,Line,95.9,5,5,5
Seattle Mariners VS Minnesota Twins,2019-05-18,Fly,74.4,2,,2
Seattle Mariners VS Minnesota Twins,2019-05-18,Batter hits self,69.9,1,1,1
Seattle Mariners VS Minnesota Twins,2019-05-18,Fly,,2,,2
Seattle Mariners VS Minnesota Twins,2019-05-18,Ground,76.2,2,,2
Seattle Mariners VS Minnesota Twins,2019-05-18,Fly,72,4,,4
Seattle Mariners VS Minnesota Twins,2019-05-18,Fly,,2,,2
Seattle Mariners VS Minnesota Twins,2019-05-18,Line,84.9,5,5,5
Seattle Mariners VS Minnesota Twins,2019-05-18,Fly,,4,,4
Seattle Mariners VS Minnesota Twins,2019-05-18,Fly,,2,,2
Seattle Mariners VS Minnesota Twins,2019-05-18,Fly,73.2,3,,3
Seattle Mariners VS Minnesota Twins,2019-05-18,Fly,104.6,6,6,6
Seattle Mariners VS Minnesota Twins,2019-05-18,Ground,96.2,4,,4
Seattle Mariners VS Minnesota Twins,2019-05-18,Fly,,1,1,1
Seattle Mariners VS Minnesota Twins,2019-05-18,Ground,,5,,5
Seattle Mariners VS Minnesota Twins,2019-05-18,Ground,74.6,1,1,1
Seattle Mariners VS Minnesota Twins,2019-05-18,Line,76.1,5,5,5
Seattle Mariners VS Minnesota Twins,2019-05-18,Fly,,4,,4
Seattle Mariners VS Minnesota Twins,2019-05-18,Fly,72,4,,4
Seattle Mariners VS Minnesota Twins,2019-05-18,Ground,,4,,4
Seattle Mariners VS Minnesota Twins,2019-05-18,Fly,72.2,1,1,1
Seattle Mariners VS Minnesota Twins,2019-05-18,Fly,,4,,4
Seattle Mariners VS Minnesota Twins,2019-05-18,Fly,74,4,,4
Seattle Mariners VS Minnesota Twins,2019-05-18,Fly,64.5,4,,4
Seattle Mariners VS Minnesota Twins,2019-05-18,Ground,100.8,5,5,5
Seattle Mariners VS Minnesota Twins,2019-05-18,Ground,56,2,,2
Seattle Mariners VS Minnesota Twins,2019-05-18,Fly,62.2,4,,4
Seattle Mariners VS Minnesota Twins,2019-05-18,Fly,78.6,2,4,4
Seattle Mariners VS Minnesota Twins,2019-05-18,Fly,61.3,4,,4
Seattle Mariners VS Minnesota Twins,2019-05-18,Fly,,2,4,4
Seattle Mariners VS Minnesota Twins,2019-05-18,Fly,,2,,2
Seattle Mariners VS Minnesota Twins,2019-05-18,Fly,88.1,5,5,5
Seattle Mariners VS Minnesota Twins,2019-05-18,Fly,73.4,1,1,1
Seattle Mariners VS Minnesota Twins,2019-05-18,Line,,1,1,1
Seattle Mariners VS Minnesota Twins,2019-05-18,Fly,74.6,2,,2
Seattle Mariners VS Minnesota Twins,2019-05-18,Batter hits self,,1,1,1
Seattle Mariners VS Minnesota Twins,2019-05-18,Fly,78.9,1,1,1
Seattle Mariners VS Minnesota Twins,2019-05-18,Fly,,2,2,2
Seattle Mariners VS Minnesota Twins,2019-05-18,Fly,62.6,4,,4
Seattle Mariners VS Minnesota Twins,2019-05-18,Ground,,5,,5
Seattle Mariners VS Minnesota Twins,2019-05-18,Ground,85.2,5,5,5
Seattle Mariners VS Minnesota Twins,2019-05-18,Fly,,2,,2
Seattle Mariners VS Minnesota Twins,2019-05-18,Ground,92.1,5,,5
Seattle Mariners VS Minnesota Twins,2019-05-18,Pop Up,76.4,1,1,1
Seattle Mariners VS Minnesota Twins,2019-05-18,Fly,77.6,1,1,1
Seattle Mariners VS Minnesota Twins,2019-05-18,Ground,96.8,5,5,5
Seattle Mariners VS Minnesota Twins,2019-05-18,Batter hits self,,1,1,1
Seattle Mariners VS Minnesota Twins,2019-05-18,Fly,84.7,4,4,4
Seattle Mariners VS Minnesota Twins,2019-05-18,Ground,66.7,2,,2
Seattle Mariners VS Minnesota Twins,2019-05-18,Fly,,5,,5
Seattle Mariners VS Minnesota Twins,2019-05-18,Fly,,5,,5
Seattle Mariners VS Minnesota Twins,2019-05-18,Fly,94,7,7,7
Seattle Mariners VS Minnesota Twins,2019-05-18,Line,63.7,1,1,1
Seattle Mariners VS Minnesota Twins,2019-05-18,Line,94.8,4,4,4
Seattle Mariners VS Minnesota Twins,2019-05-18,Ground,100.7,4,4,4
Seattle Mariners VS Minnesota Twins,2019-05-18,Line,,1,1,1
Seattle Mariners VS Minnesota Twins,2019-05-18,Fly,,3,,3
Seattle Mariners VS Minnesota Twins,2019-05-18,Ground,70.9,5,,5
Seattle Mariners VS Minnesota Twins,2019-05-18,Fly,,3,3,3
Seattle Mariners VS Minnesota Twins,2019-05-18,Fly,,5,,5
Seattle Mariners VS Minnesota Twins,2019-05-18,Fly,79.2,1,1,1
Seattle Mariners VS Minnesota Twins,2019-05-18,Fly,87.3,4,4,4
Seattle Mariners VS Minnesota Twins,2019-05-18,Fly,,4,,4
Seattle Mariners VS Minnesota Twins,2019-05-18,Fly,77.6,1,1,1
Seattle Mariners VS Minnesota Twins,2019-05-18,Fly,76.9,1,1,1
Seattle Mariners VS Minnesota Twins,2019-05-18,Fly,98.6,5,5,5
Seattle Mariners VS Minnesota Twins,2019-05-18,Pop Up,81.7,1,1,1
Seattle Mariners VS Minnesota Twins,2019-05-18,Fly,76.3,4,,4
Seattle Mariners VS Minnesota Twins,2019-05-18,Fly,79.3,4,,4
Seattle Mariners VS Minnesota Twins,2019-05-18,Ground,,3,,3
Seattle Mariners VS Minnesota Twins,2019-05-18,Ground,,5,,5
Seattle Mariners VS Minnesota Twins,2019-05-18,Ground,,4,,4
Seattle Mariners VS Minnesota Twins,2019-05-18,Fly,81,5,,5
Seattle Mariners VS Minnesota Twins,2019-05-18,Fly,85.8,4,4,4
Seattle Mariners VS Minnesota Twins,2019-05-18,Ground,,4,,4
Seattle Mariners VS Minnesota Twins,2019-05-18,Fly,67.6,1,1,1
Seattle Mariners VS Minnesota Twins,2019-05-18,Fly,89.7,4,,4
Seattle Mariners VS Minnesota Twins,2019-05-18,Fly,74.3,1,1,1
Seattle Mariners VS Minnesota Twins,2019-05-18,Ground,106.6,5,5,5
Seattle Mariners VS Minnesota Twins,2019-05-18,Fly,76.2,4,,4
Seattle Mariners VS Minnesota Twins,2019-05-18,Fly,76.8,2,,2
Seattle Mariners VS Minnesota Twins,2019-05-18,Ground,55.1,5,,5
Seattle Mariners VS Minnesota Twins,2019-05-18,Fly,,4,,4
Seattle Mariners VS Minnesota Twins,2019-05-18,Fly,73.4,4,,4
Seattle Mariners VS Minnesota Twins,2019-05-18,Ground,78.8,2,,2
Seattle Mariners VS Minnesota Twins,2019-05-18,Ground,,3,3,3
Baltimore Orioles VS Minnesota Twins,2019-04-20,Line,110.6,4,4,4
Baltimore Orioles VS Minnesota Twins,2019-04-20,Fly,95.2,5,,5
Baltimore Orioles VS Minnesota Twins,2019-04-20,Fly,,5,,5
Baltimore Orioles VS Minnesota Twins,2019-04-20,Fly,105.3,6,6,6
Baltimore Orioles VS Minnesota Twins,2019-04-20,Fly,,5,,5
Baltimore Orioles VS Minnesota Twins,2019-04-20,Ground,,1,1,1
Baltimore Orioles VS Minnesota Twins,2019-04-20,Pop Up,74.9,1,1,1
Baltimore Orioles VS Minnesota Twins,2019-04-20,Fly,71,3,,3
Baltimore Orioles VS Minnesota Twins,2019-04-20,Line,64.5,5,,5
Baltimore Orioles VS Minnesota Twins,2019-04-20,Ground,98.4,4,4,4
Baltimore Orioles VS Minnesota Twins,2019-04-20,Ground,,2,,2
Baltimore Orioles VS Minnesota Twins,2019-04-20,Fly,65.8,3,,3
Baltimore Orioles VS Minnesota Twins,2019-04-20,Fly,,5,,5
Baltimore Orioles VS Minnesota Twins,2019-04-20,Line,42,1,1,1
Baltimore Orioles VS Minnesota Twins,2019-04-20,Ground,61.2,1,1,1
Baltimore Orioles VS Minnesota Twins,2019-04-20,Fly,98.7,4,4,4
Baltimore Orioles VS Minnesota Twins,2019-04-20,Fly,79.6,1,1,1
Baltimore Orioles VS Minnesota Twins,2019-04-20,Line,73.9,4,4,4
Baltimore Orioles VS Minnesota Twins,2019-04-20,Ground,,2,,2
Baltimore Orioles VS Minnesota Twins,2019-04-20,Fly,85.3,4,4,4
Baltimore Orioles VS Minnesota Twins,2019-04-20,Fly,73.9,5,,5
Baltimore Orioles VS Minnesota Twins,2019-04-20,Ground,80.1,1,1,1
Baltimore Orioles VS Minnesota Twins,2019-04-20,Ground,,3,3,3
Baltimore Orioles VS Minnesota Twins,2019-04-20,Ground,,2,,2
Baltimore Orioles VS Minnesota Twins,2019-04-20,Line,,1,1,1
Baltimore Orioles VS Minnesota Twins,2019-04-20,Fly,106.2,5,5,5
Baltimore Orioles VS Minnesota Twins,2019-04-20,Batter hits self,66.3,1,1,1
Baltimore Orioles VS Minnesota Twins,2019-04-20,Ground,85.5,4,4,4
Baltimore Orioles VS Minnesota Twins,2019-04-20,Fly,92.7,6,6,6
Baltimore Orioles VS Minnesota Twins,2019-04-20,Fly,70.5,4,,4
Baltimore Orioles VS Minnesota Twins,2019-04-20,Fly,,3,,3
Baltimore Orioles VS Minnesota Twins,2019-04-20,Ground,66.3,1,1,1
Baltimore Orioles VS Minnesota Twins,2019-04-20,Fly,68.7,2,,2
Baltimore Orioles VS Minnesota Twins,2019-04-20,Ground,,3,,3
Baltimore Orioles VS Minnesota Twins,2019-04-20,Fly,69.6,2,,2
Baltimore Orioles VS Minnesota Twins,2019-04-20,Ground,,2,,2
Baltimore Orioles VS Minnesota Twins,2019-04-20,Fly,108.5,6,6,6
Baltimore Orioles VS Minnesota Twins,2019-04-20,Line,95.8,5,,5
Baltimore Orioles VS Minnesota Twins,2019-04-20,Ground,53.3,1,1,1
Baltimore Orioles VS Minnesota Twins,2019-04-20,Fly,70.5,2,,2
Baltimore Orioles VS Minnesota Twins,2019-04-20,Fly,108.5,7,7,7
Baltimore Orioles VS Minnesota Twins,2019-04-20,Fly,,4,,4
Baltimore Orioles VS Minnesota Twins,2019-04-20,Fly,,1,1,1
Baltimore Orioles VS Minnesota Twins,2019-04-20,Fly,75.6,3,,3
Baltimore Orioles VS Minnesota Twins,2019-04-20,Fly,70.8,3,,3
Baltimore Orioles VS Minnesota Twins,2019-04-20,Fly,,3,,3
Baltimore Orioles VS Minnesota Twins,2019-04-20,Pop Up,78.1,1,1,1
Baltimore Orioles VS Minnesota Twins,2019-04-20,Line,56.9,5,,5
Baltimore Orioles VS Minnesota Twins,2019-04-20,Fly,60.3,5,5,5
Baltimore Orioles VS Minnesota Twins,2019-04-20,Fly,,5,,5
Baltimore Orioles VS Minnesota Twins,2019-04-20,Fly,,4,,4
Baltimore Orioles VS Minnesota Twins,2019-04-20,Fly,46.9,4,,4
Baltimore Orioles VS Minnesota Twins,2019-04-20,Ground,,1,1,1
Baltimore Orioles VS Minnesota Twins,2019-04-20,Fly,,1,1,1
Baltimore Orioles VS Minnesota Twins,2019-04-20,Ground,,4,,4
Baltimore Orioles VS Minnesota Twins,2019-04-20,Fly,,5,,5
Baltimore Orioles VS Minnesota Twins,2019-04-20,Fly,86.9,5,,5
Baltimore Orioles VS Minnesota Twins,2019-04-20,Ground,,3,3,3
Baltimore Orioles VS Minnesota Twins,2019-04-20,Ground,63,2,,2
Baltimore Orioles VS Minnesota Twins,2019-04-20,Ground,,1,1,1
Baltimore Orioles VS Minnesota Twins,2019-04-20,Fly,82.8,4,,4
Baltimore Orioles VS Minnesota Twins,2019-04-20,Ground,73.3,4,4,4
Baltimore Orioles VS Minnesota Twins,2019-04-20,Ground,,1,1,1
Baltimore Orioles VS Minnesota Twins,2019-04-20,Fly,79.7,4,,4
Baltimore Orioles VS Minnesota Twins,2019-04-20,Ground,74.4,5,5,5
Baltimore Orioles VS Minnesota Twins,2019-04-20,Fly,102.9,5,,5
Baltimore Orioles VS Minnesota Twins,2019-04-20,Fly,71,1,1,1
Baltimore Orioles VS Minnesota Twins,2019-04-20,Line,80.2,5,5,5
Baltimore Orioles VS Minnesota Twins,2019-04-20,Fly,62.2,4,,4
Baltimore Orioles VS Minnesota Twins,2019-04-20,Line,96.6,5,5,5
Baltimore Orioles VS Minnesota Twins,2019-04-20,Fly,,4,,4
Baltimore Orioles VS Minnesota Twins,2019-04-20,Ground,62.8,5,5,5
Baltimore Orioles VS Minnesota Twins,2019-04-20,Line,101.4,5,5,5
Baltimore Orioles VS Minnesota Twins,2019-04-20,Ground,85.3,5,5,5
Baltimore Orioles VS Minnesota Twins,2019-04-20,Line,,1,1,1
Baltimore Orioles VS Minnesota Twins,2019-04-20,Fly,,5,,5
Baltimore Orioles VS Minnesota Twins,2019-04-20,Ground,,5,,5
Baltimore Orioles VS Minnesota Twins,2019-04-20,Fly,,1,1,1
Baltimore Orioles VS Minnesota Twins,2019-04-20,Fly,70.9,1,1,1
Baltimore Orioles VS Minnesota Twins,2019-04-20,Fly,,4,,4
Baltimore Orioles VS Minnesota Twins,2019-04-20,Fly,45.1,4,,4
Baltimore Orioles VS Minnesota Twins,2019-04-20,Fly,72.8,4,,4
Baltimore Orioles VS Minnesota Twins,2019-04-20,Fly,72.5,5,,5
Baltimore Orioles VS Minnesota Twins,2019-04-20,Fly,62.7,5,,5
Baltimore Orioles VS Minnesota Twins,2019-04-20,Fly,74.6,5,5,5
Baltimore Orioles VS Minnesota Twins,2019-04-20,Fly,87.8,5,,5
Baltimore Orioles VS Minnesota Twins,2019-04-20,Pop Up,70.2,1,,1
Baltimore Orioles VS Minnesota Twins,2019-04-20,Pop Up,80.5,1,,1
Baltimore Orioles VS Minnesota Twins,2019-04-20,Pop Up,81.7,1,1,1
Baltimore Orioles VS Minnesota Twins,2019-04-20,Line,,1,1,1
Baltimore Orioles VS Minnesota Twins,2019-04-20,Pop Up,77.8,1,,1
Baltimore Orioles VS Minnesota Twins,2019-04-20,Fly,86,5,,5
Baltimore Orioles VS Minnesota Twins,2019-04-20,Fly,68.8,1,1,1
Baltimore Orioles VS Minnesota Twins,2019-04-20,Fly,88.7,5,5,5
Baltimore Orioles VS Minnesota Twins,2019-04-20,Line,,1,1,1
Baltimore Orioles VS Minnesota Twins,2019-04-20,Ground,,2,,2
Baltimore Orioles VS Minnesota Twins,2019-04-20,Ground,,1,1,1
Baltimore Orioles VS Minnesota Twins,2019-04-20,Fly,75.4,3,,3
Baltimore Orioles VS Minnesota Twins,2019-04-20,Fly,66.4,1,1,1
Baltimore Orioles VS Minnesota Twins,2019-04-20,Ground,91.3,5,,5
Baltimore Orioles VS Minnesota Twins,2019-04-20,Ground,67.3,2,,2
Baltimore Orioles VS Minnesota Twins,2019-04-20,Ground,,4,,4
Baltimore Orioles VS Minnesota Twins,2019-04-20,Fly,77.6,5,,5
Baltimore Orioles VS Minnesota Twins,2019-04-20,Ground,,1,1,1
Baltimore Orioles VS Minnesota Twins,2019-04-20,Fly,71.2,5,,5
Baltimore Orioles VS Minnesota Twins,2019-04-20,Ground,,3,3,3
Baltimore Orioles VS Minnesota Twins,2019-04-20,Fly,,1,1,1
Baltimore Orioles VS Minnesota Twins,2019-04-20,Fly,67.3,3,,3
Baltimore Orioles VS Minnesota Twins,2019-04-20,Ground,69.1,4,4,4
Baltimore Orioles VS Minnesota Twins,2019-04-20,Ground,,1,1,1
Baltimore Orioles VS Minnesota Twins,2019-04-20,Fly,74.9,5,,5
Baltimore Orioles VS Minnesota Twins,2019-04-20,Fly,,3,3,3
Baltimore Orioles VS Minnesota Twins,2019-04-20,Pop Up,71.8,1,,1
Pittsburgh Pirates VS Milwaukee Brewers,2019-06-01,Ground,,1,1,1
Pittsburgh Pirates VS Milwaukee Brewers,2019-06-01,Ground,65.1,2,,2
Pittsburgh Pirates VS Milwaukee Brewers,2019-06-01,Fly,96.6,7,7,7
Pittsburgh Pirates VS Milwaukee Brewers,2019-06-01,Fly,89.2,4,4,4
Pittsburgh Pirates VS Milwaukee Brewers,2019-06-01,Line,102.7,5,,5
Pittsburgh Pirates VS Milwaukee Brewers,2019-06-01,Fly,,4,,4
Pittsburgh Pirates VS Milwaukee Brewers,2019-06-01,Ground,,2,,2
Pittsburgh Pirates VS Milwaukee Brewers,2019-06-01,Ground,,2,,2
Pittsburgh Pirates VS Milwaukee Brewers,2019-06-01,Ground,48.8,4,4,4
Pittsburgh Pirates VS Milwaukee Brewers,2019-06-01,Fly,80,1,1,1
Pittsburgh Pirates VS Milwaukee Brewers,2019-06-01,Fly,,4,,4
Pittsburgh Pirates VS Milwaukee Brewers,2019-06-01,Ground,,3,,3
Pittsburgh Pirates VS Milwaukee Brewers,2019-06-01,Line,,1,1,1
Pittsburgh Pirates VS Milwaukee Brewers,2019-06-01,Ground,,1,1,1
Pittsburgh Pirates VS Milwaukee Brewers,2019-06-01,Fly,,4,,4
Pittsburgh Pirates VS Milwaukee Brewers,2019-06-01,Line,101.6,5,,5
Pittsburgh Pirates VS Milwaukee Brewers,2019-06-01,Fly,,4,,4
Pittsburgh Pirates VS Milwaukee Brewers,2019-06-01,Ground,68.1,1,1,1
Pittsburgh Pirates VS Milwaukee Brewers,2019-06-01,Ground,,1,1,1
Pittsburgh Pirates VS Milwaukee Brewers,2019-06-01,Ground,,5,,5
Pittsburgh Pirates VS Milwaukee Brewers,2019-06-01,Pop Up,70.1,1,,1
Pittsburgh Pirates VS Milwaukee Brewers,2019-06-01,Pop Up,77.2,1,1,1
Pittsburgh Pirates VS Milwaukee Brewers,2019-06-01,Fly,76.7,1,1,1
Pittsburgh Pirates VS Milwaukee Brewers,2019-06-01,Fly,,2,,2
Pittsburgh Pirates VS Milwaukee Brewers,2019-06-01,Fly,73.4,4,,4
Pittsburgh Pirates VS Milwaukee Brewers,2019-06-01,Fly,86.7,5,,5
Pittsburgh Pirates VS Milwaukee Brewers,2019-06-01,Ground,,4,,4
Pittsburgh Pirates VS Milwaukee Brewers,2019-06-01,Pop Up,69.9,1,,1
Pittsburgh Pirates VS Milwaukee Brewers,2019-06-01,Fly,73.7,5,,5
Pittsburgh Pirates VS Milwaukee Brewers,2019-06-01,Ground,,2,,2
Pittsburgh Pirates VS Milwaukee Brewers,2019-06-01,Fly,,2,,2
Pittsburgh Pirates VS Milwaukee Brewers,2019-06-01,Fly,,4,,4
Pittsburgh Pirates VS Milwaukee Brewers,2019-06-01,Ground,82.4,5,5,5
Pittsburgh Pirates VS Milwaukee Brewers,2019-06-01,Batter hits self,68.3,1,1,1
Pittsburgh Pirates VS Milwaukee Brewers,2019-06-01,Ground,,1,1,1
Pittsburgh Pirates VS Milwaukee Brewers,2019-06-01,Fly,66.7,1,1,1
Pittsburgh Pirates VS Milwaukee Brewers,2019-06-01,Ground,78.3,1,1,1
Pittsburgh Pirates VS Milwaukee Brewers,2019-06-01,Fly,76.6,1,1,1
Pittsburgh Pirates VS Milwaukee Brewers,2019-06-01,Fly,75,5,5,5
Pittsburgh Pirates VS Milwaukee Brewers,2019-06-01,Ground,,1,1,1
Pittsburgh Pirates VS Milwaukee Brewers,2019-06-01,Line,,1,1,1
Pittsburgh Pirates VS Milwaukee Brewers,2019-06-01,Pop Up,68.7,1,,1
Pittsburgh Pirates VS Milwaukee Brewers,2019-06-01,Ground,,5,,5
Pittsburgh Pirates VS Milwaukee Brewers,2019-06-01,Fly,,2,,2
Pittsburgh Pirates VS Milwaukee Brewers,2019-06-01,Ground,,2,,2
Pittsburgh Pirates VS Milwaukee Brewers,2019-06-01,Ground,68.3,5,,5
Pittsburgh Pirates VS Milwaukee Brewers,2019-06-01,Ground,74.2,1,1,1
Pittsburgh Pirates VS Milwaukee Brewers,2019-06-01,Fly,74.9,1,1,1
Pittsburgh Pirates VS Milwaukee Brewers,2019-06-01,Fly,79.5,5,,5
Pittsburgh Pirates VS Milwaukee Brewers,2019-06-01,Ground,74,1,1,1
Pittsburgh Pirates VS Milwaukee Brewers,2019-06-01,Line,,1,1,1
Pittsburgh Pirates VS Milwaukee Brewers,2019-06-01,Fly,,5,,5
Pittsburgh Pirates VS Milwaukee Brewers,2019-06-01,Ground,,3,,3
Pittsburgh Pirates VS Milwaukee Brewers,2019-06-01,Ground,96,4,4,4
Pittsburgh Pirates VS Milwaukee Brewers,2019-06-01,Ground,,1,1,1
Pittsburgh Pirates VS Milwaukee Brewers,2019-06-01,Fly,,5,,5
Pittsburgh Pirates VS Milwaukee Brewers,2019-06-01,Fly,62.9,5,,5
Pittsburgh Pirates VS Milwaukee Brewers,2019-06-01,Fly,,3,,3
Pittsburgh Pirates VS Milwaukee Brewers,2019-06-01,Ground,,1,1,1
Pittsburgh Pirates VS Milwaukee Brewers,2019-06-01,Pop Up,,1,,1
Pittsburgh Pirates VS Milwaukee Brewers,2019-06-01,Fly,81.7,3,,3
Pittsburgh Pirates VS Milwaukee Brewers,2019-06-01,Fly,85.1,5,5,5
Pittsburgh Pirates VS Milwaukee Brewers,2019-06-01,Fly,,4,,4
Pittsburgh Pirates VS Milwaukee Brewers,2019-06-01,Fly,82,5,,5
Pittsburgh Pirates VS Milwaukee Brewers,2019-06-01,Ground,78.7,1,1,1
Pittsburgh Pirates VS Milwaukee Brewers,2019-06-01,Fly,,5,,5
Pittsburgh Pirates VS Milwaukee Brewers,2019-06-01,Fly,50,4,,4
Pittsburgh Pirates VS Milwaukee Brewers,2019-06-01,Fly,,1,1,1
Pittsburgh Pirates VS Milwaukee Brewers,2019-06-01,Fly,87.9,4,,4
Pittsburgh Pirates VS Milwaukee Brewers,2019-06-01,Fly,63.3,5,,5
Pittsburgh Pirates VS Milwaukee Brewers,2019-06-01,Fly,,4,,4
Pittsburgh Pirates VS Milwaukee Brewers,2019-06-01,Fly,61.8,2,,2
Pittsburgh Pirates VS Milwaukee Brewers,2019-06-01,Fly,69.8,4,,4
Pittsburgh Pirates VS Milwaukee Brewers,2019-06-01,Ground,53.8,3,3,3
Pittsburgh Pirates VS Milwaukee Brewers,2019-06-01,Fly,76.9,4,,4
Pittsburgh Pirates VS Milwaukee Brewers,2019-06-01,Fly,,4,,4
Pittsburgh Pirates VS Milwaukee Brewers,2019-06-01,Fly,,4,,4
Pittsburgh Pirates VS Milwaukee Brewers,2019-06-01,Ground,,1,1,1
Pittsburgh Pirates VS Milwaukee Brewers,2019-06-01,Fly,,2,,2
Pittsburgh Pirates VS Milwaukee Brewers,2019-06-01,Fly,,5,,5
Pittsburgh Pirates VS Milwaukee Brewers,2019-06-01,Fly,,5,,5
Pittsburgh Pirates VS Milwaukee Brewers,2019-06-01,Fly,,4,,4
Pittsburgh Pirates VS Milwaukee Brewers,2019-06-01,Fly,72.2,4,,4
Pittsburgh Pirates VS Milwaukee Brewers,2019-06-01,Fly,75.4,3,,3
Pittsburgh Pirates VS Milwaukee Brewers,2019-06-01,Fly,102.3,7,7,7
Pittsburgh Pirates VS Milwaukee Brewers,2019-06-01,Fly,,1,1,1
Pittsburgh Pirates VS Milwaukee Brewers,2019-06-01,Pop Up,79.8,1,,1
Pittsburgh Pirates VS Milwaukee Brewers,2019-06-01,Ground,,1,1,1
Pittsburgh Pirates VS Milwaukee Brewers,2019-06-01,Fly,,5,,5
Pittsburgh Pirates VS Milwaukee Brewers,2019-06-01,Fly,98,4,4,4
Pittsburgh Pirates VS Milwaukee Brewers,2019-06-01,Fly,60.8,5,,5
Pittsburgh Pirates VS Milwaukee Brewers,2019-06-01,Ground,,1,1,1
Pittsburgh Pirates VS Milwaukee Brewers,2019-06-01,Fly,,5,,5
Pittsburgh Pirates VS Milwaukee Brewers,2019-06-01,Fly,62.6,4,,4
Pittsburgh Pirates VS Milwaukee Brewers,2019-06-01,Fly,79.6,1,1,1
Pittsburgh Pirates VS Milwaukee Brewers,2019-06-01,Line,,1,1,1
Pittsburgh Pirates VS Milwaukee Brewers,2019-06-01,Ground,107,4,4,4
Pittsburgh Pirates VS Milwaukee Brewers,2019-06-01,Fly,81.2,4,,4
Pittsburgh Pirates VS Milwaukee Brewers,2019-06-01,Ground,,5,,5
Pittsburgh Pirates VS Milwaukee Brewers,2019-06-01,Fly,77.6,4,,4
Pittsburgh Pirates VS Milwaukee Brewers,2019-06-01,Fly,,2,4,4
Pittsburgh Pirates VS Milwaukee Brewers,2019-06-01,Fly,,5,,5
Pittsburgh Pirates VS Milwaukee Brewers,2019-06-01,Ground,74.8,1,1,1
Pittsburgh Pirates VS Milwaukee Brewers,2019-06-01,Ground,67.8,4,,4
Pittsburgh Pirates VS Milwaukee Brewers,2019-06-01,Line,77.9,1,1,1
Pittsburgh Pirates VS Milwaukee Brewers,2019-06-01,Fly,81.4,4,,4
Pittsburgh Pirates VS Milwaukee Brewers,2019-06-01,Fly,,4,,4
Pittsburgh Pirates VS Milwaukee Brewers,2019-06-01,Ground,,1,1,1
Pittsburgh Pirates VS Milwaukee Brewers,2019-06-01,Fly,,2,4,4
Pittsburgh Pirates VS Milwaukee Brewers,2019-06-01,Ground,,1,1,1
Pittsburgh Pirates VS Milwaukee Brewers,2019-06-01,Line,77.8,5,5,5
Milwaukee Brewers vs New York Mets,2019-05-04,Ground,56.1,3,,3
Milwaukee Brewers vs New York Mets,2019-05-04,Fly,,4,,4
Milwaukee Brewers vs New York Mets,2019-05-04,Line,,1,1,1
Milwaukee Brewers vs New York Mets,2019-05-04,Batter hits self,,1,1,1
Milwaukee Brewers vs New York Mets,2019-05-04,Fly,,1,1,1
Milwaukee Brewers vs New York Mets,2019-05-04,Pop Up,67.7,1,,1
Milwaukee Brewers vs New York Mets,2019-05-04,Fly,69,3,,3
Milwaukee Brewers vs New York Mets,2019-05-04,Fly,72.2,1,1,1
Milwaukee Brewers vs New York Mets,2019-05-04,Pop Up,65.6,1,,1
Milwaukee Brewers vs New York Mets,2019-05-04,Fly,89,5,,5
Milwaukee Brewers vs New York Mets,2019-05-04,Ground,,2,,2
Milwaukee Brewers vs New York Mets,2019-05-04,Batter hits self,,1,1,1
Milwaukee Brewers vs New York Mets,2019-05-04,Fly,98.5,5,,5
Milwaukee Brewers vs New York Mets,2019-05-04,Fly,65.5,1,1,1
Milwaukee Brewers vs New York Mets,2019-05-04,Ground,,1,1,1
Milwaukee Brewers vs New York Mets,2019-05-04,Ground,,1,1,1
Milwaukee Brewers vs New York Mets,2019-05-04,Ground,58.6,1,1,1
Milwaukee Brewers vs New York Mets,2019-05-04,Fly,108.7,4,,4
Milwaukee Brewers vs New York Mets,2019-05-04,Ground,68.7,5,5,5
Milwaukee Brewers vs New York Mets,2019-05-04,Ground,65.8,1,1,1
Milwaukee Brewers vs New York Mets,2019-05-04,Fly,43.8,5,,5
Milwaukee Brewers vs New York Mets,2019-05-04,Fly,,1,1,1
Milwaukee Brewers vs New York Mets,2019-05-04,Line,,1,1,1
Milwaukee Brewers vs New York Mets,2019-05-04,Fly,58.5,4,,4
Milwaukee Brewers vs New York Mets,2019-05-04,Fly,74.4,4,,4
Milwaukee Brewers vs New York Mets,2019-05-04,Fly,53.2,4,,4
Milwaukee Brewers vs New York Mets,2019-05-04,Ground,,5,,5
Milwaukee Brewers vs New York Mets,2019-05-04,Fly,73.9,2,,2
Milwaukee Brewers vs New York Mets,2019-05-04,Line,94.8,5,,5
Milwaukee Brewers vs New York Mets,2019-05-04,Fly,76.9,4,,4
Milwaukee Brewers vs New York Mets,2019-05-04,Line,,1,1,1
Milwaukee Brewers vs New York Mets,2019-05-04,Fly,,4,,4
Milwaukee Brewers vs New York Mets,2019-05-04,Pop Up,,1,,1
Milwaukee Brewers vs New York Mets,2019-05-04,Fly,,4,,4
Milwaukee Brewers vs New York Mets,2019-05-04,Fly,80,2,1,1
Milwaukee Brewers vs New York Mets,2019-05-04,Line,,1,1,1
Milwaukee Brewers vs New York Mets,2019-05-04,Fly,78.4,4,,4
Milwaukee Brewers vs New York Mets,2019-05-04,Fly,,5,,5
Milwaukee Brewers vs New York Mets,2019-05-04,Line,,1,1,1
Milwaukee Brewers vs New York Mets,2019-05-04,Fly,78.9,4,,4
Milwaukee Brewers vs New York Mets,2019-05-04,Fly,70.6,4,,4
Milwaukee Brewers vs New York Mets,2019-05-04,Fly,73.3,3,,3
Milwaukee Brewers vs New York Mets,2019-05-04,Pop Up,75,1,,1
Milwaukee Brewers vs New York Mets,2019-05-04,Line,,1,1,1
Milwaukee Brewers vs New York Mets,2019-05-04,Fly,92.1,5,,5
Milwaukee Brewers vs New York Mets,2019-05-04,Ground,65.1,4,,4
Milwaukee Brewers vs New York Mets,2019-05-04,Fly,78.9,1,1,1
Milwaukee Brewers vs New York Mets,2019-05-04,Fly,,1,1,1
Milwaukee Brewers vs New York Mets,2019-05-04,Fly,97.7,5,,5
Milwaukee Brewers vs New York Mets,2019-05-04,Fly,,5,,5
Milwaukee Brewers vs New York Mets,2019-05-04,Fly,,1,1,1
Milwaukee Brewers vs New York Mets,2019-05-04,Ground,,1,1,1
Milwaukee Brewers vs New York Mets,2019-05-04,Ground,84.6,1,1,1
Milwaukee Brewers vs New York Mets,2019-05-04,Pop Up,76.4,1,,1
Milwaukee Brewers vs New York Mets,2019-05-04,Pop Up,74,1,,1
Milwaukee Brewers vs New York Mets,2019-05-04,Pop Up,72.6,1,,1
Milwaukee Brewers vs New York Mets,2019-05-04,Pop Up,73,1,,1
Milwaukee Brewers vs New York Mets,2019-05-04,Ground,66.8,1,1,1
Milwaukee Brewers vs New York Mets,2019-05-04,Fly,87.3,5,,5
Milwaukee Brewers vs New York Mets,2019-05-04,Pop Up,80.8,1,,1
Milwaukee Brewers vs New York Mets,2019-05-04,Fly,68.7,1,1,1
Milwaukee Brewers vs New York Mets,2019-05-04,Fly,,4,,4
Milwaukee Brewers vs New York Mets,2019-05-04,Ground,,2,,2
Milwaukee Brewers vs New York Mets,2019-05-04,Ground,65.2,1,1,1
Milwaukee Brewers vs New York Mets,2019-05-04,Batter hits self,60.4,1,1,1
Milwaukee Brewers vs New York Mets,2019-05-04,Pop Up,68.9,1,,1
Milwaukee Brewers vs New York Mets,2019-05-04,Ground,81.7,3,3,3
Milwaukee Brewers vs New York Mets,2019-05-04,Fly,87.4,5,5,5
Milwaukee Brewers vs New York Mets,2019-05-04,Fly,,5,,5
Milwaukee Brewers vs New York Mets,2019-05-04,Ground,53.7,1,1,1
Milwaukee Brewers vs New York Mets,2019-05-04,Pop Up,,1,1,1
Milwaukee Brewers vs New York Mets,2019-05-04,Fly,72,1,1,1
Milwaukee Brewers vs New York Mets,2019-05-04,Fly,79.7,1,1,1
Milwaukee Brewers vs New York Mets,2019-05-04,Batter hits self,82,1,1,1
Milwaukee Brewers vs New York Mets,2019-05-04,Fly,101.8,5,5,5
Milwaukee Brewers vs New York Mets,2019-05-04,Fly,70.6,4,,4
Milwaukee Brewers vs New York Mets,2019-05-04,Ground,,1,1,1
Milwaukee Brewers vs New York Mets,2019-05-04,Batter hits self,,1,1,1
Milwaukee Brewers vs New York Mets,2019-05-04,Fly,,5,,5
Milwaukee Brewers vs New York Mets,2019-05-04,Fly,71.8,5,,5
Milwaukee Brewers vs New York Mets,2019-05-04,Fly,69.4,4,,4
Milwaukee Brewers vs New York Mets,2019-05-04,Fly,51.1,5,,5
Milwaukee Brewers vs New York Mets,2019-05-04,Fly,,4,,4
Milwaukee Brewers vs New York Mets,2019-05-04,Ground,,5,,5
Milwaukee Brewers vs New York Mets,2019-05-04,Fly,,5,,5
Texas Rangers vs Toronto Blue Jays,2019-05-03,Pop Up,69.2,1,,1
Texas Rangers vs Toronto Blue Jays,2019-05-03,Line,89.5,4,4,4
Texas Rangers vs Toronto Blue Jays,2019-05-03,Ground,69.9,1,1,1
Texas Rangers vs Toronto Blue Jays,2019-05-03,Ground,57.2,2,,2
Texas Rangers vs Toronto Blue Jays,2019-05-03,Line,,1,1,1
Texas Rangers vs Toronto Blue Jays,2019-05-03,Fly,,3,,3
Texas Rangers vs Toronto Blue Jays,2019-05-03,Fly,74.6,1,1,1
Texas Rangers vs Toronto Blue Jays,2019-05-03,Fly,69.8,1,1,1
Texas Rangers vs Toronto Blue Jays,2019-05-03,Batter hits self,,1,1,1
Texas Rangers vs Toronto Blue Jays,2019-05-03,Fly,65.6,1,1,1
Texas Rangers vs Toronto Blue Jays,2019-05-03,Ground,,1,1,1
Texas Rangers vs Toronto Blue Jays,2019-05-03,Fly,74,3,,3
Texas Rangers vs Toronto Blue Jays,2019-05-03,Ground,69.7,4,,4
Texas Rangers vs Toronto Blue Jays,2019-05-03,Fly,78,2,,2
Texas Rangers vs Toronto Blue Jays,2019-05-03,Fly,71.6,4,,4
Texas Rangers vs Toronto Blue Jays,2019-05-03,Ground,57.4,5,5,5
Texas Rangers vs Toronto Blue Jays,2019-05-03,Fly,72.4,5,,5
Texas Rangers vs Toronto Blue Jays,2019-05-03,Fly,72,1,1,1
Texas Rangers vs Toronto Blue Jays,2019-05-03,Fly,94,6,6,6
Texas Rangers vs Toronto Blue Jays,2019-05-03,Ground,76.9,5,5,5
Texas Rangers vs Toronto Blue Jays,2019-05-03,Ground,72.1,5,,5
Texas Rangers vs Toronto Blue Jays,2019-05-03,Fly,85.1,5,5,5
Texas Rangers vs Toronto Blue Jays,2019-05-03,Fly,77.8,3,,3
Texas Rangers vs Toronto Blue Jays,2019-05-03,Fly,80.2,5,,5
Texas Rangers vs Toronto Blue Jays,2019-05-03,Pop Up,74.3,1,,1
Texas Rangers vs Toronto Blue Jays,2019-05-03,Fly,,5,,5
Texas Rangers vs Toronto Blue Jays,2019-05-03,Fly,83.5,4,,4
Texas Rangers vs Toronto Blue Jays,2019-05-03,Ground,88.2,3,3,3
Texas Rangers vs Toronto Blue Jays,2019-05-03,Ground,67.1,1,1,1
Texas Rangers vs Toronto Blue Jays,2019-05-03,Fly,75.7,4,,4
Texas Rangers vs Toronto Blue Jays,2019-05-03,Fly,78.1,1,1,1
Texas Rangers vs Toronto Blue Jays,2019-05-03,Fly,,1,1,1
Texas Rangers vs Toronto Blue Jays,2019-05-03,Line,76.8,1,1,1
Texas Rangers vs Toronto Blue Jays,2019-05-03,Fly,75.1,4,,4
Texas Rangers vs Toronto Blue Jays,2019-05-03,Fly,64.7,5,,5
Texas Rangers vs Toronto Blue Jays,2019-05-03,Fly,83.8,5,5,5
Texas Rangers vs Toronto Blue Jays,2019-05-03,Fly,78.5,1,1,1
Texas Rangers vs Toronto Blue Jays,2019-05-03,Fly,75.8,2,,2
Texas Rangers vs Toronto Blue Jays,2019-05-03,Fly,61.4,4,,4
Texas Rangers vs Toronto Blue Jays,2019-05-03,Fly,70.8,4,,4
Texas Rangers vs Toronto Blue Jays,2019-05-03,Fly,80.7,4,,4
Texas Rangers vs Toronto Blue Jays,2019-05-03,Fly,105.3,4,4,4
Texas Rangers vs Toronto Blue Jays,2019-05-03,Line,76.9,5,5,5
Texas Rangers vs Toronto Blue Jays,2019-05-03,Fly,77,4,,4
Texas Rangers vs Toronto Blue Jays,2019-05-03,Fly,76,1,1,1
Texas Rangers vs Toronto Blue Jays,2019-05-03,Fly,75.4,4,,4
Texas Rangers vs Toronto Blue Jays,2019-05-03,Fly,72,2,,2
Texas Rangers vs Toronto Blue Jays,2019-05-03,Fly,74.9,4,,4
Texas Rangers vs Toronto Blue Jays,2019-05-03,Fly,62.5,4,,4
Texas Rangers vs Toronto Blue Jays,2019-05-03,Ground,86.7,4,,4
Texas Rangers vs Toronto Blue Jays,2019-05-03,Fly,,4,,4
Texas Rangers vs Toronto Blue Jays,2019-05-03,Ground,,1,1,1
Texas Rangers vs Toronto Blue Jays,2019-05-03,Ground,,1,1,1
Texas Rangers vs Toronto Blue Jays,2019-05-03,Ground,,1,1,1
Texas Rangers vs Toronto Blue Jays,2019-05-03,Ground,,2,,2
Texas Rangers vs Toronto Blue Jays,2019-05-03,Ground,,1,1,1
Texas Rangers vs Toronto Blue Jays,2019-05-03,Fly,67.5,5,,5
Texas Rangers vs Toronto Blue Jays,2019-05-03,Ground,,1,1,1
Texas Rangers vs Toronto Blue Jays,2019-05-03,Line,83.9,1,1,1
Texas Rangers vs Toronto Blue Jays,2019-05-03,Fly,75.3,2,,2
Texas Rangers vs Toronto Blue Jays,2019-05-03,Ground,107.6,5,,5
Texas Rangers vs Toronto Blue Jays,2019-05-03,Pop Up,,1,,1
Texas Rangers vs Toronto Blue Jays,2019-05-03,Fly,89.4,4,,4
Texas Rangers vs Toronto Blue Jays,2019-05-03,Pop Up,74.9,1,,1
Texas Rangers vs Toronto Blue Jays,2019-05-03,Fly,81.1,4,,4
Texas Rangers vs Toronto Blue Jays,2019-05-03,Fly,,2,,2
Texas Rangers vs Toronto Blue Jays,2019-05-03,Pop Up,79.9,1,,1
Texas Rangers vs Toronto Blue Jays,2019-05-03,Fly,,2,,2
Texas Rangers vs Toronto Blue Jays,2019-05-03,Fly,91.9,7,7,7
Texas Rangers vs Toronto Blue Jays,2019-05-03,Pop Up,,1,,1
Texas Rangers vs Toronto Blue Jays,2019-05-03,Pop Up,,1,1,1
Texas Rangers vs Toronto Blue Jays,2019-05-03,Ground,,5,5,5
Texas Rangers vs Toronto Blue Jays,2019-05-03,Fly,95.7,5,5,5
Texas Rangers vs Toronto Blue Jays,2019-05-03,Line,,1,1,1
Texas Rangers vs Toronto Blue Jays,2019-05-03,Ground,95.7,5,,5
Texas Rangers vs Toronto Blue Jays,2019-05-03,Fly,68.1,5,,5
Texas Rangers vs Toronto Blue Jays,2019-05-03,Ground,75,2,,2
Texas Rangers vs Toronto Blue Jays,2019-05-03,Fly,36.2,5,,5
Texas Rangers vs Toronto Blue Jays,2019-05-03,Ground,59.1,4,,4
Texas Rangers vs Toronto Blue Jays,2019-05-03,Fly,,2,,2
Texas Rangers vs Toronto Blue Jays,2019-05-03,Fly,68.2,4,,4
Texas Rangers vs Toronto Blue Jays,2019-05-03,Fly,75.3,4,,4
Texas Rangers vs Toronto Blue Jays,2019-05-03,Ground,,1,1,1
Texas Rangers vs Toronto Blue Jays,2019-05-03,Fly,75.3,4,,4
Texas Rangers vs Toronto Blue Jays,2019-05-03,Fly,92.3,5,,5
Texas Rangers vs Toronto Blue Jays,2019-05-03,Fly,79.2,1,1,1
Texas Rangers vs Toronto Blue Jays,2019-05-03,Fly,101.4,5,,5
Philadelphia Phillies vs Miami Marlins,2019-04-27,Ground,,2,2,2
Philadelphia Phillies vs Miami Marlins,2019-04-27,Ground,,2,,2
Philadelphia Phillies vs Miami Marlins,2019-04-27,Fly,77.5,3,,3
Philadelphia Phillies vs Miami Marlins,2019-04-27,Batter hits self,,1,1,1
Philadelphia Phillies vs Miami Marlins,2019-04-27,Pop Up,60.8,1,,1
Philadelphia Phillies vs Miami Marlins,2019-04-27,Fly,94.4,5,7,5
Philadelphia Phillies vs Miami Marlins,2019-04-27,Ground,68.9,2,,2
Philadelphia Phillies vs Miami Marlins,2019-04-27,Ground,,2,,2
Philadelphia Phillies vs Miami Marlins,2019-04-27,Ground,,1,1,1
Philadelphia Phillies vs Miami Marlins,2019-04-27,Fly,83.1,4,4,4
Philadelphia Phillies vs Miami Marlins,2019-04-27,Ground,,2,,2
Philadelphia Phillies vs Miami Marlins,2019-04-27,Batter hits self,,1,1,1
Philadelphia Phillies vs Miami Marlins,2019-04-27,Fly,,3,,3
Philadelphia Phillies vs Miami Marlins,2019-04-27,Ground,,2,,2
Philadelphia Phillies vs Miami Marlins,2019-04-27,Fly,,2,,2
Philadelphia Phillies vs Miami Marlins,2019-04-27,Fly,95.9,4,4,4
Philadelphia Phillies vs Miami Marlins,2019-04-27,Ground,,3,3,3
Philadelphia Phillies vs Miami Marlins,2019-04-27,Ground,,1,1,1
Philadelphia Phillies vs Miami Marlins,2019-04-27,Ground,,5,,5
Philadelphia Phillies vs Miami Marlins,2019-04-27,Ground,87.1,4,4,4
Philadelphia Phillies vs Miami Marlins,2019-04-27,Fly,75.3,5,,5
Philadelphia Phillies vs Miami Marlins,2019-04-27,Fly,74.4,5,,5
Philadelphia Phillies vs Miami Marlins,2019-04-27,Batter hits self,,1,1,1
Philadelphia Phillies vs Miami Marlins,2019-04-27,Fly,69.7,5,,5
Philadelphia Phillies vs Miami Marlins,2019-04-27,Fly,91.7,4,4,4
Philadelphia Phillies vs Miami Marlins,2019-04-27,Ground,,2,,2
Philadelphia Phillies vs Miami Marlins,2019-04-27,Fly,68,5,,5
Philadelphia Phillies vs Miami Marlins,2019-04-27,Ground,,4,,4
Philadelphia Phillies vs Miami Marlins,2019-04-27,Ground,,2,,2
Philadelphia Phillies vs Miami Marlins,2019-04-27,Fly,70.2,1,1,1
Philadelphia Phillies vs Miami Marlins,2019-04-27,Fly,79.1,2,4,4
Philadelphia Phillies vs Miami Marlins,2019-04-27,Fly,85.6,2,4,4
Philadelphia Phillies vs Miami Marlins,2019-04-27,Fly,73.7,4,,4
Philadelphia Phillies vs Miami Marlins,2019-04-27,Fly,64,4,,4
Philadelphia Phillies vs Miami Marlins,2019-04-27,Fly,,5,,5
Philadelphia Phillies vs Miami Marlins,2019-04-27,Fly,73.1,3,,3
Philadelphia Phillies vs Miami Marlins,2019-04-27,Fly,99.4,4,,4
Philadelphia Phillies vs Miami Marlins,2019-04-27,Fly,69.4,5,,5
Philadelphia Phillies vs Miami Marlins,2019-04-27,Fly,74.9,3,,3
Philadelphia Phillies vs Miami Marlins,2019-04-27,Fly,,5,,5
Philadelphia Phillies vs Miami Marlins,2019-04-27,Fly,75,5,,5
Philadelphia Phillies vs Miami Marlins,2019-04-27,Pop Up,73.4,1,,1
Philadelphia Phillies vs Miami Marlins,2019-04-27,Fly,,4,,4
Philadelphia Phillies vs Miami Marlins,2019-04-27,Fly,72.7,4,,4
Philadelphia Phillies vs Miami Marlins,2019-04-27,Ground,,5,,5
Philadelphia Phillies vs Miami Marlins,2019-04-27,Batter hits self,,1,,1
Philadelphia Phillies vs Miami Marlins,2019-04-27,Fly,73.7,3,5,5
Philadelphia Phillies vs Miami Marlins,2019-04-27,Fly,71,2,,2
Philadelphia Phillies vs Miami Marlins,2019-04-27,Fly,66.4,3,,3
Philadelphia Phillies vs Miami Marlins,2019-04-27,Ground,,1,,1
Philadelphia Phillies vs Miami Marlins,2019-04-27,Fly,72.4,4,,4
Philadelphia Phillies vs Miami Marlins,2019-04-27,Ground,100.7,4,4,4
Philadelphia Phillies vs Miami Marlins,2019-04-27,Ground,,4,4,4
Philadelphia Phillies vs Miami Marlins,2019-04-27,Fly,,2,,2
Philadelphia Phillies vs Miami Marlins,2019-04-27,Fly,77.8,4,,4
Philadelphia Phillies vs Miami Marlins,2019-04-27,Pop Up,71.3,1,,1
Philadelphia Phillies vs Miami Marlins,2019-04-27,Fly,64.7,4,,4
Philadelphia Phillies vs Miami Marlins,2019-04-27,Fly,,5,,5
Philadelphia Phillies vs Miami Marlins,2019-04-27,Ground,58.9,4,4,4
Philadelphia Phillies vs Miami Marlins,2019-04-27,Ground,69.3,2,,2
Philadelphia Phillies vs Miami Marlins,2019-04-27,Fly,,2,,2
Philadelphia Phillies vs Miami Marlins,2019-04-27,Line,39.9,1,1,1
Philadelphia Phillies vs Miami Marlins,2019-04-27,Line,,1,1,1
Philadelphia Phillies vs Miami Marlins,2019-04-27,Fly,63.1,5,,5
Philadelphia Phillies vs Miami Marlins,2019-04-27,Fly,78.8,4,,4
Philadelphia Phillies vs Miami Marlins,2019-04-27,Fly,77.4,4,,4
Philadelphia Phillies vs Miami Marlins,2019-04-27,Line,,1,1,1
Philadelphia Phillies vs Miami Marlins,2019-04-27,Pop Up,56.8,1,,1
Philadelphia Phillies vs Miami Marlins,2019-04-27,Line,,1,1,1
Philadelphia Phillies vs Miami Marlins,2019-04-27,Line,,1,1,1
Philadelphia Phillies vs Miami Marlins,2019-04-27,Batter hits self,,1,1,1
Philadelphia Phillies vs Miami Marlins,2019-04-27,Ground,,4,,4
Philadelphia Phillies vs Miami Marlins,2019-04-27,Fly,,5,,5
Philadelphia Phillies vs Miami Marlins,2019-04-27,Fly,78,5,,5
Philadelphia Phillies vs Miami Marlins,2019-04-27,Ground,,4,,4
Oakland A's vs Houston Astros,2019-06-02,Fly,82.6,5,,5
Oakland A's vs Houston Astros,2019-06-02,Fly,,1,1,1
Oakland A's vs Houston Astros,2019-06-02,Ground,77.9,1,1,1
Oakland A's vs Houston Astros,2019-06-02,Line,,1,1,1
Oakland A's vs Houston Astros,2019-06-02,Ground,62.5,2,,2
Oakland A's vs Houston Astros,2019-06-02,Fly,76.1,5,,5
Oakland A's vs Houston Astros,2019-06-02,Fly,76,2,,2
Oakland A's vs Houston Astros,2019-06-02,Fly,75.7,5,,5
Oakland A's vs Houston Astros,2019-06-02,Ground,87.3,4,,4
Oakland A's vs Houston Astros,2019-06-02,Ground,,2,,2
Oakland A's vs Houston Astros,2019-06-02,Fly,,5,,5
Oakland A's vs Houston Astros,2019-06-02,Fly,77.2,3,,3
Oakland A's vs Houston Astros,2019-06-02,Fly,75.6,3,,3
Oakland A's vs Houston Astros,2019-06-02,Line,92.4,4,4,4
Oakland A's vs Houston Astros,2019-06-02,Ground,,1,1,1
Oakland A's vs Houston Astros,2019-06-02,Fly,91.1,5,5,5
Oakland A's vs Houston Astros,2019-06-02,Line,79,1,1,1
Oakland A's vs Houston Astros,2019-06-02,Fly,70.3,4,,4
Oakland A's vs Houston Astros,2019-06-02,Fly,77.4,2,,2
Oakland A's vs Houston Astros,2019-06-02,Line,,1,1,1
Oakland A's vs Houston Astros,2019-06-02,Fly,89.7,4,4,4
Oakland A's vs Houston Astros,2019-06-02,Line,,1,1,1
Oakland A's vs Houston Astros,2019-06-02,Fly,77,3,,3
Oakland A's vs Houston Astros,2019-06-02,Fly,80.3,1,1,1
Oakland A's vs Houston Astros,2019-06-02,Fly,86.1,5,5,5
Oakland A's vs Houston Astros,2019-06-02,Fly,72.1,3,,3
Oakland A's vs Houston Astros,2019-06-02,Ground,58.4,1,1,1
Oakland A's vs Houston Astros,2019-06-02,Fly,74.7,3,,3
Oakland A's vs Houston Astros,2019-06-02,Line,,5,5,5
Oakland A's vs Houston Astros,2019-06-02,Ground,84.6,5,5,5
Oakland A's vs Houston Astros,2019-06-02,Fly,,5,,5
Oakland A's vs Houston Astros,2019-06-02,Line,,1,1,1
Oakland A's vs Houston Astros,2019-06-02,Fly,67.1,2,,2
Oakland A's vs Houston Astros,2019-06-02,Fly,82.4,5,5,5
Oakland A's vs Houston Astros,2019-06-02,Fly,,1,1,1
Oakland A's vs Houston Astros,2019-06-02,Line,82.6,5,5,5
Oakland A's vs Houston Astros,2019-06-02,Fly,,3,5,5
Oakland A's vs Houston Astros,2019-06-02,Fly,,2,,2
Oakland A's vs Houston Astros,2019-06-02,Fly,75.8,4,,4
Oakland A's vs Houston Astros,2019-06-02,Ground,,5,,5
Oakland A's vs Houston Astros,2019-06-02,Fly,,3,,3
Oakland A's vs Houston Astros,2019-06-02,Fly,67.6,2,,2
Oakland A's vs Houston Astros,2019-06-02,Fly,67.9,2,,2
Oakland A's vs Houston Astros,2019-06-02,Line,47.3,5,5,5
Oakland A's vs Houston Astros,2019-06-02,Fly,81.3,5,5,5
Oakland A's vs Houston Astros,2019-06-02,Fly,82.9,5,,5
Oakland A's vs Houston Astros,2019-06-02,Fly,77.1,5,,5
Oakland A's vs Houston Astros,2019-06-02,Ground,53.1,1,1,1
Oakland A's vs Houston Astros,2019-06-02,Fly,,3,,3
Oakland A's vs Houston Astros,2019-06-02,Fly,68.3,2,,2
Oakland A's vs Houston Astros,2019-06-02,Fly,78.5,3,,3
Oakland A's vs Houston Astros,2019-06-02,Fly,,4,,4
Oakland A's vs Houston Astros,2019-06-02,Fly,,5,5,5
Oakland A's vs Houston Astros,2019-06-02,Ground,83.7,4,4,4
Oakland A's vs Houston Astros,2019-06-02,Fly,75.6,5,,5
Oakland A's vs Houston Astros,2019-06-02,Fly,79.9,1,1,1
Oakland A's vs Houston Astros,2019-06-02,Line,58.8,1,1,1
Oakland A's vs Houston Astros,2019-06-02,Fly,78.4,1,1,1
Oakland A's vs Houston Astros,2019-06-02,Fly,83.5,4,4,4
Oakland A's vs Houston Astros,2019-06-02,Fly,,4,,4
Oakland A's vs Houston Astros,2019-06-02,Fly,,5,,5
Oakland A's vs Houston Astros,2019-06-02,Pop Up,78.2,1,,1
Oakland A's vs Houston Astros,2019-06-02,Fly,84.7,4,4,4
Oakland A's vs Houston Astros,2019-06-02,Fly,74.2,4,,4
Oakland A's vs Houston Astros,2019-06-02,Fly,77.1,1,1,1
Oakland A's vs Houston Astros,2019-06-02,Ground,92.7,5,5,5
Oakland A's vs Houston Astros,2019-06-02,Fly,77.6,3,,3
Oakland A's vs Houston Astros,2019-06-02,Ground,71.9,5,5,5
Oakland A's vs Houston Astros,2019-06-02,Fly,70.9,5,,5
Oakland A's vs Houston Astros,2019-06-02,Ground,,4,4,4
Oakland A's vs Houston Astros,2019-06-02,Ground,103,5,5,5
Oakland A's vs Houston Astros,2019-06-02,Fly,,3,,3
Oakland A's vs Houston Astros,2019-06-02,Pop Up,76.8,1,1,1
Oakland A's vs Houston Astros,2019-06-02,Ground,,1,1,1
Oakland A's vs Houston Astros,2019-06-02,Ground,61,2,,2
Oakland A's vs Houston Astros,2019-06-02,Line,,1,1,1
Oakland A's vs Houston Astros,2019-06-02,Fly,74.1,5,,5
Oakland A's vs Houston Astros,2019-06-02,Fly,75.3,3,,3
Oakland A's vs Houston Astros,2019-06-02,Fly,78.1,3,,3
Oakland A's vs Houston Astros,2019-06-02,Line,,1,1,1
Oakland A's vs Houston Astros,2019-06-02,Ground,65.3,1,1,1
Oakland A's vs Houston Astros,2019-06-02,Fly,82,3,,3
Oakland A's vs Houston Astros,2019-06-02,Fly,96,4,4,4
Oakland A's vs Houston Astros,2019-06-02,Fly,79.4,5,,5
Oakland A's vs Houston Astros,2019-06-02,Ground,,5,,5
Oakland A's vs Houston Astros,2019-06-02,Ground,78.7,1,1,1
Oakland A's vs Houston Astros,2019-06-02,Ground,83,3,,3
Oakland A's vs Houston Astros,2019-06-02,Fly,,4,,4
Oakland A's vs Houston Astros,2019-06-02,Ground,62.5,5,,5
Oakland A's vs Houston Astros,2019-06-02,Ground,99.9,5,5,5
Oakland A's vs Houston Astros,2019-06-02,Fly,66.1,3,,3
Oakland A's vs Houston Astros,2019-06-02,Fly,68.2,5,,5
Oakland A's vs Houston Astros,2019-06-02,Fly,,5,,5
Oakland A's vs Houston Astros,2019-06-02,Fly,73.3,2,,2
Oakland A's vs Houston Astros,2019-06-02,Fly,,4,,4
Oakland A's vs Houston Astros,2019-06-02,Fly,76.7,2,,2
Oakland A's vs Houston Astros,2019-06-02,Pop Up,69.7,1,1,1
Oakland A's vs Houston Astros,2019-06-02,Fly,,5,,5
Oakland A's vs Houston Astros,2019-06-02,Fly,76,4,,4
Oakland A's vs Houston Astros,2019-06-02,Fly,76.3,2,,2
Oakland A's vs Houston Astros,2019-06-02,Fly,69.9,2,,2
Oakland A's vs Houston Astros,2019-06-02,Ground,70.2,2,,2
Oakland A's vs Houston Astros,2019-06-02,Ground,57.5,5,5,5
Oakland A's vs Houston Astros,2019-06-02,Ground,,1,1,1
Oakland A's vs Houston Astros,2019-06-02,Fly,88.2,5,,5
Oakland A's vs Houston Astros,2019-06-02,Line,80.7,1,1,1
Oakland A's vs Houston Astros,2019-06-02,Fly,79.8,1,1,1
Oakland A's vs Houston Astros,2019-06-02,Fly,72.8,1,1,1
Oakland A's vs Houston Astros,2019-06-02,Ground,84.1,5,5,5
Atlanta Braves vs New York Mets,2019-04-14,Fly,,4,,4
Atlanta Braves vs New York Mets,2019-04-14,Fly,70.2,4,,4
Atlanta Braves vs New York Mets,2019-04-14,Fly,85,1,1,1
Atlanta Braves vs New York Mets,2019-04-14,Fly,,5,,5
Atlanta Braves vs New York Mets,2019-04-14,Fly,60,4,,4
Atlanta Braves vs New York Mets,2019-04-14,Fly,86.8,5,5,5
Atlanta Braves vs New York Mets,2019-04-14,Fly,,5,,5
Atlanta Braves vs New York Mets,2019-04-14,Ground,,4,,4
Atlanta Braves vs New York Mets,2019-04-14,Fly,78.3,5,,5
Atlanta Braves vs New York Mets,2019-04-14,Pop Up,80.5,1,1,1
Atlanta Braves vs New York Mets,2019-04-14,Fly,80.9,4,,4
Atlanta Braves vs New York Mets,2019-04-14,Fly,76.4,2,,2
Atlanta Braves vs New York Mets,2019-04-14,Fly,78.4,5,,5
Atlanta Braves vs New York Mets,2019-04-14,Line,96.5,5,5,5
Atlanta Braves vs New York Mets,2019-04-14,Fly,73.9,1,1,1
Atlanta Braves vs New York Mets,2019-04-14,Fly,71.4,2,,2
Atlanta Braves vs New York Mets,2019-04-14,Pop Up,78.4,1,1,1
Atlanta Braves vs New York Mets,2019-04-14,Fly,,5,,5
Atlanta Braves vs New York Mets,2019-04-14,Fly,75.9,1,1,1
Atlanta Braves vs New York Mets,2019-04-14,Ground,61.7,5,,5
Atlanta Braves vs New York Mets,2019-04-14,Fly,76.8,5,,5
Atlanta Braves vs New York Mets,2019-04-14,Fly,,5,,5
Atlanta Braves vs New York Mets,2019-04-14,Fly,,5,,5
Atlanta Braves vs New York Mets,2019-04-14,Fly,,4,,4
Atlanta Braves vs New York Mets,2019-04-14,Fly,78,1,1,1
Atlanta Braves vs New York Mets,2019-04-14,Fly,,5,,5
Atlanta Braves vs New York Mets,2019-04-14,Ground,61.8,5,5,5
Atlanta Braves vs New York Mets,2019-04-14,Fly,84.4,1,1,1
Atlanta Braves vs New York Mets,2019-04-14,Fly,76,1,1,1
Atlanta Braves vs New York Mets,2019-04-14,Pop Up,71.5,1,1,1
Atlanta Braves vs New York Mets,2019-04-14,Fly,,2,,2
Atlanta Braves vs New York Mets,2019-04-14,Ground,69.5,5,,5
Atlanta Braves vs New York Mets,2019-04-14,Ground,76.8,5,5,5
Atlanta Braves vs New York Mets,2019-04-14,Line,,1,1,1
Atlanta Braves vs New York Mets,2019-04-14,Fly,74.7,2,,2
Atlanta Braves vs New York Mets,2019-04-14,Fly,69.2,2,,2
Atlanta Braves vs New York Mets,2019-04-14,Line,67.1,3,,3
Atlanta Braves vs New York Mets,2019-04-14,Fly,75.9,1,1,1
Atlanta Braves vs New York Mets,2019-04-14,Fly,70.7,4,,4
Atlanta Braves vs New York Mets,2019-04-14,Fly,,1,1,1
Atlanta Braves vs New York Mets,2019-04-14,Fly,,5,,5
Atlanta Braves vs New York Mets,2019-04-14,Fly,91.5,4,4,4
Atlanta Braves vs New York Mets,2019-04-14,Fly,74.5,4,,4
Atlanta Braves vs New York Mets,2019-04-14,Ground,68.7,2,,2
Atlanta Braves vs New York Mets,2019-04-14,Fly,77.4,4,,4
Atlanta Braves vs New York Mets,2019-04-14,Line,,1,1,1
Atlanta Braves vs New York Mets,2019-04-14,Fly,59.4,3,,3
Atlanta Braves vs New York Mets,2019-04-14,Ground,25.4,1,1,1
Atlanta Braves vs New York Mets,2019-04-14,Ground,76.6,2,,2
Atlanta Braves vs New York Mets,2019-04-14,Ground,,1,1,1
Atlanta Braves vs New York Mets,2019-04-14,Fly,71.4,3,,3
Atlanta Braves vs New York Mets,2019-04-14,Fly,75.9,4,,4
Atlanta Braves vs New York Mets,2019-04-14,Fly,76.2,4,,4
Atlanta Braves vs New York Mets,2019-04-14,Fly,,5,,5
Atlanta Braves vs New York Mets,2019-04-14,Fly,74.9,4,,4
Atlanta Braves vs New York Mets,2019-04-14,Fly,69.5,1,1,1
Atlanta Braves vs New York Mets,2019-04-14,Fly,,1,1,1
Atlanta Braves vs New York Mets,2019-04-14,Line,,1,1,1
Atlanta Braves vs New York Mets,2019-04-14,Fly,68.6,2,,2
Atlanta Braves vs New York Mets,2019-04-14,Line,,1,1,1
Atlanta Braves vs New York Mets,2019-04-14,Fly,73.5,1,1,1
Atlanta Braves vs New York Mets,2019-04-14,Fly,71.7,4,4,4
Atlanta Braves vs New York Mets,2019-04-14,Fly,79.5,4,,4
Atlanta Braves vs New York Mets,2019-04-14,Pop Up,74.7,1,,1
Atlanta Braves vs New York Mets,2019-04-14,Fly,54,3,,3
Atlanta Braves vs New York Mets,2019-04-14,Fly,53.2,5,,5
Atlanta Braves vs New York Mets,2019-04-14,Fly,86.8,4,4,4
Atlanta Braves vs New York Mets,2019-04-14,Fly,76.2,4,,4
Atlanta Braves vs New York Mets,2019-04-14,Fly,73.4,4,,4
Atlanta Braves vs New York Mets,2019-04-14,Line,80.7,1,1,1
Atlanta Braves vs New York Mets,2019-04-14,Line,,1,1,1
Atlanta Braves vs New York Mets,2019-04-14,Fly,79.6,5,,5
Atlanta Braves vs New York Mets,2019-04-14,Ground,,3,3,3
Los Angeles Dodgers vs Arizona Diamondsbacks,2019-03-29,Fly,85.5,5,5,5
Los Angeles Dodgers vs Arizona Diamondsbacks,2019-03-29,Line,103.3,4,4,4
Los Angeles Dodgers vs Arizona Diamondsbacks,2019-03-29,Fly,76.6,5,,5
Los Angeles Dodgers vs Arizona Diamondsbacks,2019-03-29,Ground,89.4,4,,4
Los Angeles Dodgers vs Arizona Diamondsbacks,2019-03-29,Fly,69.2,5,,5
Los Angeles Dodgers vs Arizona Diamondsbacks,2019-03-29,Fly,79,1,1,1
Los Angeles Dodgers vs Arizona Diamondsbacks,2019-03-29,Fly,76.4,2,,2
Los Angeles Dodgers vs Arizona Diamondsbacks,2019-03-29,Fly,81.2,2,,2
Los Angeles Dodgers vs Arizona Diamondsbacks,2019-03-29,Ground,,1,1,1
Los Angeles Dodgers vs Arizona Diamondsbacks,2019-03-29,Ground,97.1,4,,4
Los Angeles Dodgers vs Arizona Diamondsbacks,2019-03-29,Fly,,4,,4
Los Angeles Dodgers vs Arizona Diamondsbacks,2019-03-29,Fly,89.8,4,,4
Los Angeles Dodgers vs Arizona Diamondsbacks,2019-03-29,Fly,76.6,3,,3
Los Angeles Dodgers vs Arizona Diamondsbacks,2019-03-29,Line,,1,1,1
Los Angeles Dodgers vs Arizona Diamondsbacks,2019-03-29,Line,101.7,4,4,4
Los Angeles Dodgers vs Arizona Diamondsbacks,2019-03-29,Fly,60.6,2,,2
Los Angeles Dodgers vs Arizona Diamondsbacks,2019-03-29,Line,,1,1,1
Los Angeles Dodgers vs Arizona Diamondsbacks,2019-03-29,Fly,68.1,4,,4
Los Angeles Dodgers vs Arizona Diamondsbacks,2019-03-29,Fly,,3,5,5
Los Angeles Dodgers vs Arizona Diamondsbacks,2019-03-29,Ground,69.3,3,,3
Los Angeles Dodgers vs Arizona Diamondsbacks,2019-03-29,Fly,87.8,4,,4
Los Angeles Dodgers vs Arizona Diamondsbacks,2019-03-29,Ground,,1,1,1
Los Angeles Dodgers vs Arizona Diamondsbacks,2019-03-29,Ground,83.5,5,5,5
Los Angeles Dodgers vs Arizona Diamondsbacks,2019-03-29,Ground,76.8,4,,4
Los Angeles Dodgers vs Arizona Diamondsbacks,2019-03-29,Line,,4,,4
Los Angeles Dodgers vs Arizona Diamondsbacks,2019-03-29,Fly,75.1,4,,4
Los Angeles Dodgers vs Arizona Diamondsbacks,2019-03-29,Pop Up,,1,,1
Los Angeles Dodgers vs Arizona Diamondsbacks,2019-03-29,Ground,,5,5,5
Los Angeles Dodgers vs Arizona Diamondsbacks,2019-03-29,Ground,,1,1,1
Los Angeles Dodgers vs Arizona Diamondsbacks,2019-03-29,Ground,80.5,4,4,4
Los Angeles Dodgers vs Arizona Diamondsbacks,2019-03-29,Line,,1,1,1
Los Angeles Dodgers vs Arizona Diamondsbacks,2019-03-29,Fly,,3,3,3
Los Angeles Dodgers vs Arizona Diamondsbacks,2019-03-29,Fly,100,6,6,6
Los Angeles Dodgers vs Arizona Diamondsbacks,2019-03-29,Fly,64.2,5,5,5
Los Angeles Dodgers vs Arizona Diamondsbacks,2019-03-29,Fly,79.5,4,,4
Los Angeles Dodgers vs Arizona Diamondsbacks,2019-03-29,Fly,74.2,1,1,1
Los Angeles Dodgers vs Arizona Diamondsbacks,2019-03-29,Fly,73.1,1,1,1
Los Angeles Dodgers vs Arizona Diamondsbacks,2019-03-29,Line,87.5,4,4,4
Los Angeles Dodgers vs Arizona Diamondsbacks,2019-03-29,Ground,,1,1,1
Los Angeles Dodgers vs Arizona Diamondsbacks,2019-03-29,Fly,,4,,4
Los Angeles Dodgers vs Arizona Diamondsbacks,2019-03-29,Fly,,4,,4
Los Angeles Dodgers vs Arizona Diamondsbacks,2019-03-29,Ground,76.8,4,4,4
Los Angeles Dodgers vs Arizona Diamondsbacks,2019-03-29,Ground,,2,,2
Los Angeles Dodgers vs Arizona Diamondsbacks,2019-03-29,Fly,,5,,5
Los Angeles Dodgers vs Arizona Diamondsbacks,2019-03-29,Line,,1,1,1
Los Angeles Dodgers vs Arizona Diamondsbacks,2019-03-29,Ground,75.8,3,,3
Los Angeles Dodgers vs Arizona Diamondsbacks,2019-03-29,Fly,,5,,5
Los Angeles Dodgers vs Arizona Diamondsbacks,2019-03-29,Pop Up,81.7,1,1,1
Los Angeles Dodgers vs Arizona Diamondsbacks,2019-03-29,Fly,60.9,3,,3
Los Angeles Dodgers vs Arizona Diamondsbacks,2019-03-29,Fly,66.1,5,,5
Los Angeles Dodgers vs Arizona Diamondsbacks,2019-03-29,Fly,77.6,1,1,1
Los Angeles Dodgers vs Arizona Diamondsbacks,2019-03-29,Fly,,4,,4
Los Angeles Dodgers vs Arizona Diamondsbacks,2019-03-29,Fly,81.4,2,4,4
Los Angeles Dodgers vs Arizona Diamondsbacks,2019-03-29,Fly,74.9,1,1,1
Los Angeles Dodgers vs Arizona Diamondsbacks,2019-03-29,Ground,,3,,3
Los Angeles Dodgers vs Arizona Diamondsbacks,2019-03-29,Fly,67.3,5,,5
Los Angeles Dodgers vs Arizona Diamondsbacks,2019-03-29,Fly,,4,,4
Los Angeles Dodgers vs Arizona Diamondsbacks,2019-03-29,Ground,,1,1,1
Los Angeles Dodgers vs Arizona Diamondsbacks,2019-03-29,Line,94.3,4,,4
Los Angeles Dodgers vs Arizona Diamondsbacks,2019-03-29,Ground,78.9,4,,4
Los Angeles Dodgers vs Arizona Diamondsbacks,2019-03-29,Fly,,4,,4
Los Angeles Dodgers vs Arizona Diamondsbacks,2019-03-29,Pop Up,74.2,1,1,1
Los Angeles Dodgers vs Arizona Diamondsbacks,2019-03-29,Ground,68.7,5,5,5
Los Angeles Dodgers vs Arizona Diamondsbacks,2019-03-29,Pop Up,79.3,1,1,1
Los Angeles Dodgers vs Arizona Diamondsbacks,2019-03-29,Fly,,3,3,3
Los Angeles Dodgers vs Arizona Diamondsbacks,2019-03-29,Ground,67.5,5,5,5
Los Angeles Dodgers vs Arizona Diamondsbacks,2019-03-29,Ground,49.2,3,,3
Los Angeles Dodgers vs Arizona Diamondsbacks,2019-03-29,Ground,,3,,3
Los Angeles Dodgers vs Arizona Diamondsbacks,2019-03-29,Ground,,3,,3
Los Angeles Dodgers vs Arizona Diamondsbacks,2019-03-29,Fly,75.8,4,4,4
Los Angeles Dodgers vs Arizona Diamondsbacks,2019-03-29,Ground,,3,,3
Los Angeles Dodgers vs Arizona Diamondsbacks,2019-03-29,Ground,71.1,3,,3
Los Angeles Dodgers vs Arizona Diamondsbacks,2019-03-29,Ground,,1,1,1
Los Angeles Dodgers vs Arizona Diamondsbacks,2019-03-29,Fly,,2,2,2
Los Angeles Dodgers vs Arizona Diamondsbacks,2019-03-29,Ground,73.2,5,,5
Los Angeles Dodgers vs Arizona Diamondsbacks,2019-03-29,Pop Up,70.5,1,,1
Los Angeles Dodgers vs Arizona Diamondsbacks,2019-03-29,Line,91.5,5,5,5
Los Angeles Dodgers vs Arizona Diamondsbacks,2019-03-29,Line,76.7,1,1,1
Los Angeles Dodgers vs Arizona Diamondsbacks,2019-03-29,Fly,67.4,3,,3
Los Angeles Dodgers vs Arizona Diamondsbacks,2019-03-29,Fly,,2,,2
Los Angeles Dodgers vs Arizona Diamondsbacks,2019-03-29,Fly,,5,5,5
Los Angeles Dodgers vs Arizona Diamondsbacks,2019-03-29,Fly,,5,5,5
Los Angeles Dodgers vs Arizona Diamondsbacks,2019-03-29,Fly,76.3,3,,3
Los Angeles Dodgers vs Arizona Diamondsbacks,2019-03-29,Fly,80.3,2,,2
Los Angeles Dodgers vs Arizona Diamondsbacks,2019-03-29,Fly,,5,,5
Los Angeles Dodgers vs Arizona Diamondsbacks,2019-03-29,Fly,90.6,4,,4
New York Yankees vs Baltimore Orioles,2019-03-31,Fly,,5,5,5
New York Yankees vs Baltimore Orioles,2019-03-31,Fly,89.4,5,,5
New York Yankees vs Baltimore Orioles,2019-03-31,Line,,1,1,1
New York Yankees vs Baltimore Orioles,2019-03-31,Fly,,3,,3
New York Yankees vs Baltimore Orioles,2019-03-31,Pop Up,90.7,1,1,1
New York Yankees vs Baltimore Orioles,2019-03-31,Fly,75.3,3,,3
New York Yankees vs Baltimore Orioles,2019-03-31,Ground,73.4,4,4,4
New York Yankees vs Baltimore Orioles,2019-03-31,Line,,1,1,1
New York Yankees vs Baltimore Orioles,2019-03-31,Ground,78.9,1,1,1
New York Yankees vs Baltimore Orioles,2019-03-31,Fly,63.7,3,,3
New York Yankees vs Baltimore Orioles,2019-03-31,Fly,,3,,3
New York Yankees vs Baltimore Orioles,2019-03-31,Fly,87.6,5,,5
New York Yankees vs Baltimore Orioles,2019-03-31,Line,,1,1,1
New York Yankees vs Baltimore Orioles,2019-03-31,Fly,73.1,5,,5
New York Yankees vs Baltimore Orioles,2019-03-31,Fly,72.1,1,1,1
New York Yankees vs Baltimore Orioles,2019-03-31,Line,,1,1,1
New York Yankees vs Baltimore Orioles,2019-03-31,Ground,,5,,5
New York Yankees vs Baltimore Orioles,2019-03-31,Fly,,4,,4
New York Yankees vs Baltimore Orioles,2019-03-31,Fly,70.4,1,1,1
New York Yankees vs Baltimore Orioles,2019-03-31,Fly,,3,,3
New York Yankees vs Baltimore Orioles,2019-03-31,Fly,73,1,1,1
New York Yankees vs Baltimore Orioles,2019-03-31,Fly,,4,,4
New York Yankees vs Baltimore Orioles,2019-03-31,Pop Up,,1,,1
New York Yankees vs Baltimore Orioles,2019-03-31,Fly,72.7,4,,4
New York Yankees vs Baltimore Orioles,2019-03-31,Fly,78.8,4,,4
New York Yankees vs Baltimore Orioles,2019-03-31,Fly,55.5,5,,5
New York Yankees vs Baltimore Orioles,2019-03-31,Fly,61.5,3,,3
New York Yankees vs Baltimore Orioles,2019-03-31,Line,65.4,5,,5
New York Yankees vs Baltimore Orioles,2019-03-31,Fly,65.1,1,1,1
New York Yankees vs Baltimore Orioles,2019-03-31,Fly,58,3,,3
New York Yankees vs Baltimore Orioles,2019-03-31,Fly,69.1,5,,5
New York Yankees vs Baltimore Orioles,2019-03-31,Fly,,2,,2
New York Yankees vs Baltimore Orioles,2019-03-31,Fly,,5,,5
New York Yankees vs Baltimore Orioles,2019-03-31,Fly,69.8,2,,2
New York Yankees vs Baltimore Orioles,2019-03-31,Fly,66,2,,2
New York Yankees vs Baltimore Orioles,2019-03-31,Fly,72.3,4,,4
New York Yankees vs Baltimore Orioles,2019-03-31,Ground,62.7,2,,2
New York Yankees vs Baltimore Orioles,2019-03-31,Fly,88,5,,5
New York Yankees vs Baltimore Orioles,2019-03-31,Fly,80.3,5,,5
New York Yankees vs Baltimore Orioles,2019-03-31,Fly,85,5,5,5
New York Yankees vs Baltimore Orioles,2019-03-31,Fly,73.6,1,1,1
New York Yankees vs Baltimore Orioles,2019-03-31,Fly,,4,,4
New York Yankees vs Baltimore Orioles,2019-03-31,Fly,,5,,5
New York Yankees vs Baltimore Orioles,2019-03-31,Fly,91.9,5,5,5
New York Yankees vs Baltimore Orioles,2019-03-31,Fly,81.4,3,,3
New York Yankees vs Baltimore Orioles,2019-03-31,Pop Up,73.6,1,1,1
New York Yankees vs Baltimore Orioles,2019-03-31,Batter hits self,,1,1,1
New York Yankees vs Baltimore Orioles,2019-03-31,Line,102.3,5,5,5
New York Yankees vs Baltimore Orioles,2019-03-31,Ground,81.3,4,4,4
New York Yankees vs Baltimore Orioles,2019-03-31,Pop Up,65.9,1,,1
New York Yankees vs Baltimore Orioles,2019-03-31,Line,,1,1,1
New York Yankees vs Baltimore Orioles,2019-03-31,Ground,93.6,4,4,4
New York Yankees vs Baltimore Orioles,2019-03-31,Line,84.6,5,5,5
New York Yankees vs Baltimore Orioles,2019-03-31,Pop Up,77.5,1,1,1
New York Yankees vs Baltimore Orioles,2019-03-31,Fly,82.2,5,,5
New York Yankees vs Baltimore Orioles,2019-03-31,Fly,107.1,5,,5
New York Yankees vs Baltimore Orioles,2019-03-31,Fly,75.5,1,1,1
New York Yankees vs Baltimore Orioles,2019-03-31,Fly,90.9,5,,5
New York Yankees vs Baltimore Orioles,2019-03-31,Fly,77.3,1,1,1
New York Yankees vs Baltimore Orioles,2019-03-31,Fly,73.4,5,,5
New York Yankees vs Baltimore Orioles,2019-03-31,Ground,52,5,5,5
New York Yankees vs Baltimore Orioles,2019-03-31,Fly,92.8,4,,4
New York Yankees vs Baltimore Orioles,2019-03-31,Fly,101.2,4,,4
New York Yankees vs Baltimore Orioles,2019-03-31,Ground,68.5,1,1,1
New York Yankees vs Baltimore Orioles,2019-03-31,Fly,84.5,5,,5
New York Yankees vs Baltimore Orioles,2019-03-31,Fly,71.4,5,,5
New York Yankees vs Baltimore Orioles,2019-03-31,Fly,86.5,4,,4